"CUSTOMER","PRODUCT","ORDER_DATE","QUANTITY","PPQTY"
"Claire Gute","Bush Somerset Collection Bookcase",08-NOV-16,2,130.98
"Claire Gute","Hon Deluxe Fabric Upholstered Stacking Chairs, Rounded Back",08-NOV-16,3,243.98
"Darrin Van Huff","Self-Adhesive Address Labels for Typewriters by Universal",12-JUN-16,2,7.31
"Sean O'Donnell","Bretford CR4500 Series Slim Rectangular Table",11-OCT-15,5,191.5155
"Sean O'Donnell","Eldon Fold 'N Roll Cart System",11-OCT-15,2,11.184
"Brosina Hoffman","Eldon Expressions Wood and Plastic Desk Accessories, Cherry Wood",09-JUN-14,7,6.98
"Brosina Hoffman","Newell 322",09-JUN-14,4,1.82
"Brosina Hoffman","Mitel 5320 IP Phone VoIP phone",09-JUN-14,6,151.192
"Brosina Hoffman","DXL Angle-View Binders with Locking Rings by Samsill",09-JUN-14,3,6.168
"Brosina Hoffman","Belkin F5C206VTEL 6 Outlet Surge",09-JUN-14,5,22.98
"Brosina Hoffman","Chromcraft Rectangular Conference Tables",09-JUN-14,9,189.576
"Brosina Hoffman","Konftel 250 Conference phone - Charcoal black",09-JUN-14,4,227.856
"Andrew Allen","Xerox 1967",15-APR-17,3,5.184
"Irene Maddox","Fellowes PB200 Plastic Comb Binding Machine",05-DEC-16,3,135.992
"Harold Pawlan","Holmes Replacement Filter for HEPA Air Cleaner, Very Large Room, HEPA Filter",22-NOV-15,5,13.762
"Harold Pawlan","Storex DuraTech Recycled Plastic Frosted Binders",22-NOV-15,3,0.848
"Pete Kriz","Stur-D-Stor Shelving, Vertical 5-Shelf: 72""H x 36""W x 18 1/2""D",11-NOV-14,6,110.98
"Alejandro Grove","Fellowes Super Stor/Drawer",13-MAY-14,2,27.75
"Zuschuss Donatelli","Newell 341",27-AUG-14,2,4.28
"Zuschuss Donatelli","Cisco SPA 501G IP Phone",27-AUG-14,3,71.16
"Zuschuss Donatelli","Wilson Jones Hanging View Binder, White, 1""",27-AUG-14,4,5.68
"Ken Black","Newell 318",09-DEC-16,7,2.78
"Ken Black","Acco Six-Outlet Power Strip, 4' Cord Length",09-DEC-16,7,8.62
"Sandra Flanagan","Global Deluxe Stacking Chair, Gray",16-JUL-17,2,35.686
"Emily Burns","Bretford CR4500 Series Slim Rectangular Table",25-SEP-15,3,348.21
"Eric Hoffmann","Wilson Jones Active Use Binders",16-JAN-16,2,5.824
"Eric Hoffmann","Imation 8GB Mini TravelDrive USB 2.0 Flash Drive",16-JAN-16,3,30.19
"Tracy Blumstein","Riverside Palais Royal Lawyers Bookcase, Royale Cherry Finish",17-SEP-15,7,440.49
"Tracy Blumstein","Avery Recycled Flexi-View Covers for Binding Systems",17-SEP-15,2,4.809
"Tracy Blumstein","Howard Miller 13-3/4"" Diameter Brushed Chrome Round Wall Clock",17-SEP-15,3,41.4
"Tracy Blumstein","Poly String Tie Envelopes",17-SEP-15,2,1.632
"Tracy Blumstein","BOSTON Model 1800 Electric Pencil Sharpeners, Putty/Woodgrain",17-SEP-15,6,14.384
"Tracy Blumstein","Acco Pressboard Covers with Storage Hooks, 14 7/8"" x 11"", Executive Red",17-SEP-15,6,1.143
"Tracy Blumstein","Lumber Crayons",17-SEP-15,2,7.88
"Matt Abelman","Easy-staple paper",19-OCT-17,3,9.824
"Gene Hale","GE 30524EE4",08-DEC-16,7,156.792
"Gene Hale","Electrix Architect's Clamp-On Swing Arm Lamp, Black",08-DEC-16,5,38.184
"Steve Nguyen","#10-4 1/8"" x 9 1/2"" Premium Diagonal Seam Envelopes",27-DEC-15,9,12.592
"Steve Nguyen","Atlantic Metals Mobile 3-Shelf Bookcases, Custom Colors",27-DEC-15,3,177.4664
"Steve Nguyen","Global Fabric Manager's Chair, Dark Gray",27-DEC-15,3,70.686
"Steve Nguyen","Plantronics HL10 Handset Lifter",27-DEC-15,4,92.792
"Linda Cazamias","Panasonic Kx-TS550",10-SEP-17,4,36.792
"Ruben Ausman","Eldon Base for stackable storage shelf, platinum",17-JUL-16,2,38.94
"Erin Smith","Advantus 10-Drawer Portable Organizer, Chrome Metal Frame, Smoke Drawers",19-SEP-17,2,47.808
"Odella Nelson","Verbatim 25 GB 6x Blu-ray Single Layer Recordable Disc, 25/Pack",11-MAR-16,2,22.99
"Odella Nelson","Wilson Jones Leather-Like Binders with DublLock Round Rings",11-MAR-16,2,8.73
"Patrick O'Donnell","Gould Plastics 9-Pocket Panel Bin, 18-3/8w x 5-1/4d x 20-1/2h, Black",20-OCT-14,4,52.99
"Lena Hernandez","Imation 8gb Micro Traveldrive Usb 2.0 Flash Drive",20-JUN-16,3,15
"Lena Hernandez","LF Elite 3D Dazzle Designer Hard Case Cover, Lf Stylus Pen and Wiper For Apple Iphone 5c Mini Lite",20-JUN-16,2,10.9
"Darren Powers","C-Line Peel & Stick Add-On Filing Pockets, 8-3/4 x 5-1/8, 10/Pack",18-APR-15,6,6.37
"Darren Powers","Avery 485",18-APR-15,6,12.53
"Darren Powers","Longer-Life Soft White Bulbs",18-APR-15,2,3.08
"Darren Powers","Global Leather Task Chair, Black",18-APR-15,1,89.99
"Janet Molinari","Advantus Push Pins",11-DEC-16,7,2.18
"Janet Molinari","AT&T CL83451 4-Handset Telephone",11-DEC-16,5,205.99
"Ted Butterfield","Home/Office Personal File Carts",17-JUN-16,6,34.76
"Ted Butterfield","Xerox 232",17-JUN-16,5,6.48
"Ted Butterfield","Novimex Turbo Task Chair",17-JUN-16,5,63.882
"Ted Butterfield","Array Parchment Paper, Assorted Colors",17-JUN-16,2,7.28
"Ted Butterfield","Imation 8gb Micro Traveldrive Usb 2.0 Flash Drive",17-JUN-16,2,15
"Ted Butterfield","Plastic Binding Combs",17-JUN-16,4,12.12
"Ted Butterfield","Prang Dustless Chalk Sticks",17-JUN-16,1,1.68
"Kunst Miller","Verbatim 25 GB 6x Blu-ray Single Layer Recordable Disc, 3/Pack",24-NOV-15,2,6.99
"Kunst Miller","Acco PRESSTEX Data Binder with Storage Hooks, Dark Blue, 14 7/8"" X 11""",24-NOV-15,6,4.304
"Kunst Miller","Xerox 1943",24-NOV-15,3,48.91
"Kunst Miller","Luxo Economy Swing Arm Lamp",24-NOV-15,4,19.94
"Paul Stevenson","Global Value Mid-Back Manager's Chair, Gray",30-APR-15,5,42.623
"Brendan Sweed","Hunt BOSTON Model 1606 High-Volume Electric Pencil Sharpener, Beige",05-DEC-14,8,139.128
"Brendan Sweed","netTALK DUO VoIP Telephone Service",05-DEC-14,4,41.992
"Karen Daniels","Snap-A-Way Black Print Carbonless Ruled Speed Letter, Triplicate",04-JUN-16,2,37.94
"Henry MacAllister","Avery Binding System Hidden Tab Executive Style Index Sets",18-SEP-16,1,4.616
"Tracy Blumstein","Telephone Message Books with Fax/Mobile Section, 5 1/2"" x 3 3/16""",14-SEP-17,3,6.35
"Joel Eaton","High-Back Leather Manager's Chair",26-APR-15,8,103.992
"Joel Eaton","Tenex Traditional Chairmats for Medium Pile Carpet, Standard Lip, 36"" x 48""",26-APR-15,2,48.52
"Joel Eaton","Safco Industrial Wire Shelving System",26-APR-15,1,72.784
"Ken Brennan","Economy Binders",09-DEC-17,3,0.416
"Ken Brennan","6"" Cubicle Wall Clock, Black",09-DEC-17,3,3.236
"Ken Brennan","SimpliFile Personal File, Black Granite, 15w x 6-15/16d x 11-1/4h",09-DEC-17,3,9.08
"Joel Eaton","Eldon Expressions Desk Accessory, Wood Pencil Holder, Oak",26-NOV-14,5,3.86
"Stewart Carmichael","1.7 Cubic Foot Compact ""Cube"" Office Refrigerators",12-JUN-16,1,208.16
"Stewart Carmichael","Avery Heavy-Duty EZD  Binder With Locking Rings",12-JUN-16,3,5.58
"Duane Noonan","Premium Writing Pencils, Soft, #2 by Central Association for the Blind",12-OCT-14,5,2.98
"Duane Noonan","Sortfiler Multipurpose Personal File Organizer, Black",12-OCT-14,1,21.39
"Julie Creighton","Jet-Pak Recycled Peel 'N' Seal Padded Mailers",03-SEP-15,7,28.712
"Christopher Schild","Safco Industrial Wire Shelving",13-NOV-17,3,76.792
"Patrick O'Donnell","Novimex Swivel Fabric Task Chair",28-MAY-17,2,150.98
"Paul Gonzalez","Logitech LS21 Speaker System - PC Multimedia - 2.1-CH - Wired",26-OCT-17,1,19.99
"Paul Gonzalez","Avery 511",26-OCT-17,2,3.08
"Gary Mitchum","Eldon Portable Mobile Manager",05-APR-16,7,22.624
"Jim Sink","Turquoise Lead Holder with Pocket Clip",17-SEP-16,3,6.7
"Jim Sink","Panasonic Kx-TS550",17-SEP-16,2,36.792
"Jim Sink","Xerox 1995",17-SEP-16,1,6.48
"Karl Braun","Xerox 1999",31-JAN-15,2,6.48
"Karl Braun","Seth Thomas 13 1/2"" Wall Clock",31-JAN-15,3,17.78
"Karl Braun","Ibico Standard Transparent Covers",31-JAN-15,2,16.48
"Roger Barcio","Flexible Leather- Look Classic Collection Ring Binder",06-NOV-17,1,5.682
"Parhena Norris","9-3/4 Diameter Round Wall Clock",09-NOV-17,7,13.79
"Katherine Ducich","Trimflex Flexible Post Binders",17-JUN-17,3,17.104
"Elpida Rittenbach","Fellowes Basic Home/Office Series Surge Protectors",06-SEP-16,6,12.98
"Rick Bensley","Avery Personal Creations Heavyweight Cards",29-AUG-16,7,9.232
"Rick Bensley","SanDisk Ultra 64 GB MicroSDHC Class 10 Memory Card",29-AUG-16,3,31.992
"Rick Bensley","Avery Hidden Tab Dividers for Binding Systems",29-AUG-16,3,0.596
"Gary Zandusky","Universal Premium White Copier/Laser Paper (20Lb. and 87 Bright)",01-DEC-16,4,5.98
"Lena Cacioppo","Logitech K350 2.4Ghz Wireless Keyboard",13-NOV-15,6,39.816
"Lena Cacioppo","Deflect-o DuraMat Lighweight, Studded, Beveled Mat for Low Pile Carpeting",13-NOV-15,3,34.12
"Lena Cacioppo","Avery Trapezoid Ring Binder, 3"" Capacity, Black, 1040 sheets",13-NOV-15,3,12.294
"Janet Martin","Memorex Mini Travel Drive 8 GB USB 2.0 Flash Drive",23-NOV-17,8,9.264
"Janet Martin","Speck Products Candyshell Flip Case",23-NOV-17,1,27.992
"Janet Martin","Newell Chalk Holder",23-NOV-17,1,3.304
"Pete Armstrong","Logitech Gaming G510s - Keyboard",15-OCT-15,5,67.992
"Cynthia Voltz","Magnifier Swing Arm Lamp",25-DEC-17,2,20.98
"Clay Ludtke","Hunt PowerHouse Electric Pencil Sharpener, Blue",03-NOV-16,2,37.98
"Clay Ludtke","Avery Durable Plastic 1"" Binders",03-NOV-16,6,4.54
"Ryan Crowe","OIC Colored Binder Clips, Assorted Sizes",25-AUG-14,14,2.864
"Ryan Crowe","Redi-Strip #10 Envelopes, 4 1/8 x 9 1/2",25-AUG-14,2,2.36
"Ryan Crowe","Xerox 1921",25-AUG-14,3,7.992
"Ryan Crowe","Tyvek  Top-Opening Peel & Seel Envelopes, Plain White",25-AUG-14,6,21.744
"Dave Kipp","Hon Racetrack Conference Tables",02-MAR-15,3,262.51
"Greg Guthrie","GBC DocuBind 300 Electric Binding Machine",05-APR-15,1,157.794
"Steven Cartwright","Artistic Insta-Plaque",12-JUN-16,3,15.68
"Steven Cartwright","DXL Angle-View Binders with Locking Rings by Samsill",12-JUN-16,4,7.71
"Steven Cartwright","Companion Letter/Legal File, Black",12-JUN-16,6,37.76
"Steven Cartwright","Globe Weis Peel & Seel First Class Envelopes",12-JUN-16,9,12.78
"Steven Cartwright","KLD Oscar II Style Snap-on Ultra Thin Side Flip Synthetic Leather Cover Case for HTC One HTC M7",12-JUN-16,7,9.72
"Alan Dominguez","Global Deluxe High-Back Manager's Chair",26-DEC-14,3,200.186
"Philip Fox","Bevis 44 x 96 Conference Tables",20-SEP-14,6,102.95
"Troy Staebel","Avery Durable Slant Ring Binders, No Labels",05-NOV-17,2,1.194
"Troy Staebel","Trav-L-File Heavy-Duty Shuttle II, Black",05-NOV-17,7,34.856
"Lindsay Shagiari","Global Task Chair, Black",06-NOV-16,2,40.712
"Lindsay Shagiari","Eldon Cleatmat Plus Chair Mats for High Pile Carpets",06-NOV-16,3,79.52
"Dorothy Wardle","Anker 36W 4-Port USB Wall Charger Travel Power Adapter for iPhone 5s 5c 5",02-FEB-17,5,11.994
"Dorothy Wardle","Xerox 1916",02-FEB-17,2,39.152
"Dorothy Wardle","Staples",02-FEB-17,9,2.384
"Lena Creighton","Xerox 195",13-OCT-16,3,6.68
"Lena Creighton","Xerox 1880",13-OCT-16,1,35.44
"Lena Creighton","Sanford Colorific Colored Pencils, 12/Box",13-OCT-16,4,2.88
"Lena Creighton","Ideal Clamps",13-OCT-16,2,2.01
"Lena Creighton","GBC Wire Binding Strips",13-OCT-16,3,25.392
"Lena Creighton","Fiskars Softgrip Scissors",13-OCT-16,6,10.98
"Lena Creighton","Longer-Life Soft White Bulbs",13-OCT-16,14,3.08
"Jonathan Doherty","Howard Miller 13-3/4"" Diameter Brushed Chrome Round Wall Clock",05-SEP-16,2,41.4
"Sally Hughsby","Newell 343",18-SEP-17,3,2.94
"Sally Hughsby","Convenience Packs of Business Envelopes",18-SEP-17,3,3.62
"Sally Hughsby","Xerox 1911",18-SEP-17,3,47.9
"Sandra Glassco","Sanyo 2.5 Cubic Foot Mid-Size Office Refrigerators",22-DEC-17,3,279.81
"Helen Andreada","Safco Industrial Wire Shelving",07-SEP-15,7,95.99
"Maureen Gastineau","Seth Thomas 14"" Putty-Colored Wall Clock",22-OCT-14,4,23.472
"Justin Ellison","Plantronics Cordless Phone Headset with In-line Volume - M214C",05-DEC-16,11,34.95
"Justin Ellison","Anker Astro 15000mAh USB Portable Charger",05-DEC-16,3,49.99
"Justin Ellison","Hon Deluxe Fabric Upholstered Stacking Chairs, Rounded Back",05-DEC-16,8,243.98
"Justin Ellison","GBC Prestige Therm-A-Bind Covers",05-DEC-16,5,34.31
"Tamara Willingham","Belkin 7 Outlet SurgeMaster Surge Protector with Phone Protection",13-MAR-16,5,31.584
"Tamara Willingham","Jabra BIZ 2300 Duo QD Duo Corded Headset",13-MAR-16,2,101.592
"Stephanie Phelps","Southworth 25% Cotton Antique Laid Paper & Envelopes",31-MAY-15,7,8.34
"Stephanie Phelps","Xerox 1883",31-MAY-15,4,26.38
"Stephanie Phelps","Tenex Personal Project File with Scoop Front Design, Black",31-MAY-15,6,13.48
"Neil Knudson","Newell 311",28-MAY-15,3,2.21
"Dave Brooks","Global Deluxe High-Back Manager's Chair",01-MAR-14,2,228.784
"Nora Paige","Avery 519",20-NOV-16,2,7.31
"Nora Paige","Avaya 5420 Digital phone",20-NOV-16,7,134.99
"Ted Trevino","Xerox 1920",11-MAY-16,1,5.98
"Eric Murdock","Lenovo 17-Key USB Numeric Keypad",28-DEC-15,2,27.192
"Ruben Dartt","Staple envelope",16-NOV-16,5,5.68
"Max Jones","Wilson Jones International Size A4 Ring Binders",07-NOV-16,2,13.84
"Becky Martin","BIC Brite Liner Highlighters",08-SEP-14,3,3.312
"Becky Martin","Lexmark MX611dhe Monochrome Laser Printer",08-SEP-14,8,1019.994
"Becky Martin","Space Solutions HD Industrial Steel Shelving.",08-SEP-14,3,91.976
"Becky Martin","SAFCO Arco Folding Chair",08-SEP-14,9,193.34
"Becky Martin","Sanford Liquid Accent Highlighters",08-SEP-14,6,5.344
"Becky Martin","Kensington 7 Outlet MasterPiece Power Center",08-SEP-14,5,35.596
"Becky Martin","JBL Micro Wireless Portable Bluetooth Speaker",08-SEP-14,3,47.992
"Chad Sievert","Adams Phone Message Book, Professional, 400 Message Capacity, 5 3/6” x 11”",05-AUG-14,3,6.98
"Chad Sievert","Xerox 1913",05-AUG-14,2,55.48
"Chad Sievert","Global Value Steno Chair, Gray",05-AUG-14,7,48.592
"Jennifer Braxton","Kensington 7 Outlet MasterPiece HOMEOFFICE Power Control Center",14-SEP-14,2,26.224
"Jennifer Braxton","Avery 51",14-SEP-14,4,5.04
"Shirley Jackson","Acco 7-Outlet Masterpiece Power Center, Wihtout Fax/Phone Line Protection",21-APR-17,4,24.316
"Joel Eaton","Padded Folding Chairs, Black, 4/Carton",21-NOV-15,7,56.686
"Joel Eaton","Acme Rosewood Handle Letter Opener",21-NOV-15,5,3.176
"Jim Kriz","Sanford Colorific Eraseable Coloring Pencils, 12 Count",15-DEC-15,1,3.28
"David Kendrick","Tenex File Box, Personal Filing Tote with Lid, Black",05-DEC-14,2,12.408
"David Kendrick","Imation Secure+ Hardware Encrypted USB 2.0 Flash Drive; 16GB",05-DEC-14,7,58.392
"Robert Marley","AT&T TR1909W",19-NOV-14,4,125.99
"Robert Marley","Nokia Lumia 521 (T-Mobile)",19-NOV-14,5,29.99
"Robert Marley","HP Standard 104 key PS/2 Keyboard",19-NOV-14,2,14.5
"Sally Knutson","Avery Poly Binder Pockets",28-NOV-16,2,3.58
"Frank Merwin","SanDisk Ultra 32 GB MicroSDHC Class 10 Memory Card",26-AUG-14,8,22.1
"Alice McCarthy","Personal Filing Tote with Lid, Black/Gray",16-JUL-16,3,12.408
"Alice McCarthy","Southworth 25% Cotton Antique Laid Paper & Envelopes",16-JUL-16,3,6.672
"Mark Packer","Atlantic Metals Mobile 4-Shelf Bookcases, Custom Colors",12-OCT-15,4,224.784
"Mark Packer","I Need's 3d Hello Kitty Hybrid Silicone Case Cover for HTC One X 4g with 3d Hello Kitty Stylus Pen Green/pink",12-OCT-15,6,11.96
"Mark Packer","Xerox 205",12-OCT-15,8,6.48
"Tracy Blumstein","Easy-staple paper",26-SEP-15,5,28.352
"Tracy Blumstein","Microsoft Arc Touch Mouse",26-SEP-15,5,47.96
"Tracy Blumstein","Xerox 216",26-SEP-15,6,5.184
"Alan Haines","GBC VeloBinder Electric Binding Machine",18-DEC-16,7,36.294
"Alan Haines","Acco 7-Outlet Masterpiece Power Center, Wihtout Fax/Phone Line Protection",18-DEC-16,2,97.264
"Alan Haines","Premier Automatic Letter Opener",18-DEC-16,5,192.296
"Nick Zandusky","Advantus SlideClip Paper Clips",20-NOV-16,7,2.728
"Nick Zandusky","Avery 512",20-NOV-16,8,2.312
"Nick Zandusky","Logitech Wireless Gaming Headset G930",20-NOV-16,2,127.992
"Nick Zandusky","Bush Westfield Collection Bookcases, Medium Cherry Finish",20-NOV-16,3,28.99
"Kelly Lampkin","Howard Miller 13"" Diameter Goldtone Round Wall Clock",26-DEC-14,8,37.552
"Kelly Lampkin","Global Deluxe Office Fabric Chairs",26-DEC-14,3,76.784
"Kelly Lampkin","Eldon ClusterMat Chair Mat with Cordless Antistatic Protection",26-DEC-14,3,72.784
"Kelly Lampkin","Ibico Laser Imprintable Binding System Covers",26-DEC-14,5,15.72
"Kelly Lampkin","Vinyl Coated Wire Paper Clips in Organizer Box, 800/Box",26-DEC-14,3,9.184
"Jonathan Doherty","Xerox 223",28-OCT-16,5,6.48
"Jonathan Doherty","Tennsco Stur-D-Stor Boltless Shelving, 5 Shelves, 24"" Deep, Sand",28-OCT-16,8,135.31
"Jonathan Doherty","Xerox 1939",28-OCT-16,3,18.97
"Jonathan Doherty","Floodlight Indoor Halogen Bulbs, 1 Bulb per Pack, 60 Watts",28-OCT-16,4,19.4
"Jonathan Doherty","Avery Premier Heavy-Duty Binder with Round Locking Rings",28-OCT-16,1,14.28
"Jonathan Howell","BPI Conference Tables",19-NOV-17,3,73.025
"Alan Schoenberger","Electrix 20W Halogen Replacement Bulb for Zoom-In Desk Lamp",04-MAY-15,2,13.4
"Ken Brennan","Newell 350",30-DEC-14,3,3.28
"Corey Roper","GBC Clear Cover, 8-1/2 x 11, unpunched, 25 covers per pack",01-JUN-14,3,15.16
"Corey Roper","Boston Heavy-Duty Trimline Electric Pencil Sharpeners",01-JUN-14,6,48.2
"Shahid Hopkins","Faber Castell Col-Erase Pencils",15-APR-17,1,4.89
"Ben Peterman","C-Line Cubicle Keepers Polyproplyene Holder With Velcro Backings",12-SEP-16,4,3.784
"Ben Peterman","Hon 4070 Series Pagoda Armless Upholstered Stacking Chairs",12-SEP-16,2,233.384
"Ben Peterman","Eldon Expressions Desk Accessory, Wood Photo Frame, Mahogany",12-SEP-16,1,15.232
"Ben Peterman","Avery 509",12-SEP-16,3,2.088
"Thomas Seio","Deflect-o SuperTray Unbreakable Stackable Tray, Letter, Black",27-SEP-14,3,29.18
"Andy Gerbode","AT&T 1070 Corded Phone",09-AUG-14,2,89.192
"Andy Gerbode","Xerox 21",09-AUG-14,3,5.184
"Sung Pak","Boston School Pro Electric Pencil Sharpener, 1670",28-DEC-14,4,24.784
"Nathan Mautz","DMI Arturo Collection Mission-style Design Wood Chair",04-NOV-14,1,135.882
"Nathan Mautz","Canon imageCLASS MF7460 Monochrome Digital Laser Multifunction Copier",04-NOV-14,2,1995.99
"Nathan Mautz","Panasonic Kx-TS550",04-NOV-14,6,45.99
"Nathan Mautz","NETGEAR N750 Dual Band Wi-Fi Gigabit Router",04-NOV-14,4,90
"Nathan Mautz","Trav-L-File Heavy-Duty Shuttle II, Black",04-NOV-14,1,43.57
"Frank Atkinson","OIC Binder Clips",19-SEP-14,2,3.58
"Grace Kelly","Ibico Laser Imprintable Binding System Covers",23-APR-16,6,41.92
"Grace Kelly","Logitech Wireless Headset h800",23-APR-16,1,99.99
"Don Jones","Telescoping Adjustable Floor Lamp",03-NOV-17,1,15.992
"Patrick O'Brill","Aastra 57i VoIP phone",30-AUG-16,3,96.966
"Patrick O'Brill","File Shuttle II and Handi-File, Black",30-AUG-16,2,27.112
"Patrick O'Brill","Hon 2090 “Pillow Soft” Series Mid Back Swivel/Tilt Chairs",30-AUG-16,4,196.686
"Patrick O'Brill","Round Specialty Laser Printer Labels",30-AUG-16,10,10.024
"Patrick O'Brill","GBC Premium Transparent Covers with Diagonal Lined Pattern",30-AUG-16,6,6.294
"John Lucas","AT&T 841000 Phone",25-APR-16,2,41.4
"John Lucas","Ibico Recycled Grain-Textured Covers",25-APR-16,2,10.362
"John Lucas","Wilson Jones Custom Binder Spines & Labels",25-APR-16,3,1.632
"Doug Bickford","Storex Dura Pro Binders",01-SEP-15,1,4.752
"Doug Bickford","Hewlett Packard LaserJet 3310 Copier",01-SEP-15,2,479.992
"Doug Bickford","Avery Non-Stick Binders",01-SEP-15,4,3.592
"Alyssa Crouse","Tuff Stuff Recycled Round Ring Binders",12-JUL-14,2,3.856
"Alyssa Crouse","Hon 5100 Series Wood Tables",12-JUL-14,3,232.784
"Ken Lonsdale","OIC Binder Clips, Mini, 1/4"" Capacity, Black",22-JUN-15,4,1.24
"Jonathan Doherty","Newell 314",13-APR-14,4,4.464
"Jonathan Doherty","Fellowes PB200 Plastic Comb Binding Machine",13-APR-14,10,50.997
"Jonathan Doherty","Staples",13-APR-14,13,2.384
"Jonathan Doherty","Square Credit Card Reader, 4 1/2"" x 4 1/2"" x 1"", White",13-APR-14,12,5.994
"Chad Sievert","Fellowes Super Stor/Drawer",20-DEC-15,4,22.2
"Clay Cheatham","Anker 36W 4-Port USB Wall Charger Travel Power Adapter for iPhone 5s 5c 5",15-JUN-17,3,15.992
"Tamara Dahlen","Binney & Smith inkTank Erasable Desk Highlighter, Chisel Tip, Yellow, 12/Box",08-JUL-17,3,2.52
"Tamara Dahlen","Easy-staple paper",08-JUL-17,2,12.28
"Tamara Dahlen","BIC Brite Liner Highlighters, Chisel Tip",08-JUL-17,2,6.48
"Adam Bellavance","Sabrent 4-Port USB 2.0 Hub",01-SEP-16,1,6.79
"Adam Bellavance","Xerox 1881",01-SEP-16,2,12.28
"Adam Bellavance","Acco Hanging Data Binders",01-SEP-16,1,3.048
"Adam Bellavance","Xerox 1881",01-SEP-16,4,12.28
"Adam Bellavance","GBC DocuBind P400 Electric Binding System",01-SEP-16,4,1088.792
"Jeremy Lonsdale","Sauder Barrister Bookcases",08-APR-16,6,64.784
"Jeremy Lonsdale","#10 Gummed Flap White Envelopes, 100/Box",08-APR-16,2,4.13
"Jeremy Lonsdale","Dixon Prang Watercolor Pencils, 10-Color Set with Brush",08-APR-16,4,4.26
"Jeremy Lonsdale","Adams Phone Message Book, 200 Message Capacity, 8 1/16” x 11”",08-APR-16,5,6.88
"Heather Kirkland","Southworth 25% Cotton Linen-Finish Paper & Envelopes",23-APR-16,5,7.248
"Victoria Brennan","Belkin 8 Outlet SurgeMaster II Gold Surge Protector with Phone Protection",08-MAR-17,8,80.98
"Victoria Brennan","Avery Address/Shipping Labels for Typewriters, 4"" x 2""",08-MAR-17,2,10.35
"Katrina Willman","Avery Address/Shipping Labels for Typewriters, 4"" x 2""",25-SEP-17,2,10.35
"Katrina Willman","Global Ergonomic Managers Chair",25-SEP-17,3,162.882
"Katrina Willman","Newell 333",25-SEP-17,2,2.78
"Katrina Willman","Eldon Wave Desk Accessories",25-SEP-17,8,5.89
"Julia Dunbar","Gould Plastics 9-Pocket Panel Bin, 18-3/8w x 5-1/4d x 20-1/2h, Black",24-SEP-14,4,52.99
"Michael Kennedy","Wilson Jones “Snap” Scratch Pad Binder Tool for Ring Binders",21-OCT-16,4,5.8
"Michael Kennedy","Staple remover",21-OCT-16,2,3.68
"Michael Kennedy","Pizazz Global Quick File",21-OCT-16,7,14.97
"Michael Kennedy","Atlantic Metals Mobile 3-Shelf Bookcases, Custom Colors",21-OCT-16,4,260.98
"Guy Thornton","Xerox 1930",29-MAY-17,5,5.184
"Guy Thornton","File Shuttle I and Handi-File",29-MAY-17,3,17.808
"Arthur Gainer","Wilson Jones Custom Binder Spines & Labels",23-JUL-14,5,1.632
"Arthur Gainer","NETGEAR AC1750 Dual Band Gigabit Smart WiFi Router",23-JUL-14,8,127.992
"Arthur Gainer","Newell 324",23-JUL-14,1,9.24
"Arthur Gainer","Microsoft Natural Keyboard Elite",23-JUL-14,10,47.904
"Muhammed MacIntyre","Xerox 1960",28-SEP-16,4,24.784
"Allen Rosenblatt","Office Impressions End Table, 20-1/2""H x 24""W x 20""D",27-AUG-17,7,212.632
"Russell Applegate","Holmes Odor Grabber",28-APR-15,3,2.884
"Russell Applegate","Akro-Mils 12-Gallon Tote",28-APR-15,3,7.944
"Russell Applegate","GBC Twin Loop Wire Binding Elements, 9/16"" Spine, Black",28-APR-15,4,3.044
"Alejandro Savely","Southworth Structures Collection",28-OCT-16,7,7.28
"Alejandro Savely","Square Ring Data Binders, Rigid 75 Pt. Covers, 11"" x 14-7/8""",28-OCT-16,3,16.512
"Laura Armstrong","Sony 32GB Class 10 Micro SDHC R40 Memory Card",26-JUN-15,2,20.95
"Denny Ordway","Hon Practical Foundations 30 x 60 Training Table, Light Gray/Charcoal",27-NOV-15,3,125.1525
"Denny Ordway","Logitech Media Keyboard K200",27-NOV-15,3,27.992
"Dean Katz","Lexmark MarkNet N8150 Wireless Print Server",03-DEC-15,4,120.585
"Dean Katz","3M Hangers With Command Adhesive",03-DEC-15,1,2.96
"Nathan Gelder","Crayola Colored Pencils",24-NOV-14,1,2.624
"Mike Vittorini","Angle-D Binders with Locking Rings, Label Holders",11-DEC-17,4,5.84
"Mike Vittorini","Logitech LS21 Speaker System - PC Multimedia - 2.1-CH - Wired",11-DEC-17,2,19.99
"Jack Garza","Nortel Meridian M3904 Professional Digital phone",21-SEP-14,2,123.192
"Jack Garza","Canon PC1080F Personal Copier",21-SEP-14,3,599.99
"Bart Pistole","Wilson Jones Century Plastic Molded Ring Binders",07-JUN-14,3,4.154
"Victor Preis","Tuf-Vin Binders",30-JUN-17,3,25.264
"Saphhira Shifley","2300 Heavy-Duty Transfer File Systems by Perma",17-OCT-17,2,24.98
"Saphhira Shifley","Xerox 1958",17-OCT-17,2,6.48
"Harold Pawlan","Acme 10"" Easy Grip Assistive Scissors",31-OCT-15,4,17.53
"Anna Gayman","Super Decoflex Portable Personal File",08-SEP-16,3,11.984
"Anna Gayman","Riverside Palais Royal Lawyers Bookcase, Royale Cherry Finish",08-SEP-16,4,599.0664
"Anna Gayman","Contico 72""H Heavy-Duty Storage System",08-SEP-16,4,32.784
"Anna Gayman","Sony 64GB Class 10 Micro SDHC R40 Memory Card",08-SEP-16,2,28.792
"Luke Foster","Xerox 1974",24-DEC-14,2,4.784
"Stephanie Phelps","Avery Hi-Liter EverBold Pen Style Fluorescent Highlighters, 4/Pack",16-APR-14,6,6.512
"Roy Französisch","Staple holder",24-DEC-17,3,11.97
"Keith Herrera","Sony 64GB Class 10 Micro SDHC R40 Memory Card",08-DEC-17,5,35.99
"Keith Herrera","Sharp AL-1530CS Digital Copier",08-DEC-17,3,399.992
"Keith Herrera","Wirebound Message Book, 4 per Page",08-DEC-17,5,5.43
"Keith Herrera","Bevis Round Conference Table Top, X-Base",08-DEC-17,7,143.432
"Keith Herrera","Wirebound Service Call Books, 5 1/2"" x 4""",08-DEC-17,1,9.68
"Keith Herrera","Self-Adhesive Removable Labels",08-DEC-17,9,3.15
"Keith Herrera","Xerox 1908",08-DEC-17,1,55.98
"Keith Herrera","O'Sullivan 4-Shelf Bookcase in Odessa Pine",08-DEC-17,13,102.833
"Keith Herrera","Novimex High-Tech Fabric Mesh Task Chair",08-DEC-17,2,56.784
"Kimberly Carter","Xerox 191",03-NOV-17,7,19.98
"Kimberly Carter","Global Deluxe Office Fabric Chairs",03-NOV-17,4,76.784
"Caroline Jumper","Bulldog Vacuum Base Pencil Sharpener",24-JUN-17,8,11.99
"Philip Brown","Bevis Steel Folding Chairs",14-APR-16,5,76.76
"Victoria Brennan","Xerox 1987",06-NOV-17,1,5.78
"Sung Pak","American Pencil",04-MAR-17,4,2.33
"Sung Pak","White Envelopes, White Envelopes with Clear Poly Window",04-MAR-17,1,15.25
"Joel Eaton","KeyTronic 6101 Series - Keyboard - Black",22-JUN-14,6,32.792
"Michael Paige","Westinghouse Mesh Shade Clip-On Gooseneck Lamp, Black",19-OCT-17,4,14.14
"Michael Paige","Crate-A-Files",19-OCT-17,3,10.9
"Natalie Fritzler","Hon Multipurpose Stacking Arm Chairs",21-AUG-17,4,216.6
"Janet Molinari","Coloredge Poster Frame",23-NOV-17,2,14.2
"Janet Molinari","GBC VeloBinder Manual Binding System",23-NOV-17,8,35.99
"Shirley Daniels","Epson WorkForce WF-2530 All-in-One Printer, Copier Scanner",12-SEP-14,1,69.99
"Ken Heidel","Design Ebony Sketching Pencil",01-OCT-17,6,1.112
"Ross Baird","GBC ProClick 150 Presentation Binding System",15-APR-16,2,94.794
"Ross Baird","Imation Secure+ Hardware Encrypted USB 2.0 Flash Drive; 16GB",15-APR-16,7,58.392
"Ross Baird","Imation Secure+ Hardware Encrypted USB 2.0 Flash Drive; 16GB",15-APR-16,5,58.392
"Ross Baird","Woodgrain Magazine Files by Perma",15-APR-16,2,2.384
"Dave Brooks","Letter Size Cart",06-JUN-16,5,142.86
"Mike Kennedy","Insertable Tab Post Binder Dividers",19-DEC-14,2,2.406
"Mike Kennedy","Belkin QODE FastFit Bluetooth Keyboard",19-DEC-14,5,49.56
"Philisse Overcash","Canon Color ImageCLASS MF8580Cdw Wireless Laser All-In-One Printer, Copier, Scanner",12-JUN-16,3,335.993
"Philisse Overcash","Xerox 1908",12-JUN-16,7,44.784
"Brenda Bowman","Xerox 1897",15-SEP-17,8,3.984
"Cynthia Voltz","Global Deluxe Steno Chair",20-JAN-17,3,69.282
"Pete Kriz","Aluminum Document Frame",05-SEP-16,1,12.22
"Pete Kriz","Fellowes Bankers Box Staxonsteel Drawer File/Stacking System",05-SEP-16,3,64.98
"Pete Kriz","Eldon Mobile Mega Data Cart  Mega Stackable  Add-On Trays",05-SEP-16,3,23.65
"Pete Kriz","Xerox Color Copier Paper, 11"" x 17"", Ream",05-SEP-16,4,22.84
"Pete Kriz","Office Star - Ergonomically Designed Knee Chair",05-SEP-16,3,80.98
"Pete Kriz","Avery 520",05-SEP-16,7,3.15
"Troy Blackwell","GE General Purpose, Extra Long Life, Showcase & Floodlight Incandescent Bulbs",20-MAR-17,1,2.91
"Raymond Buch","Newell 345",01-APR-16,3,19.84
"Raymond Buch","Fellowes Bankers Box Recycled Super Stor/Drawer",01-APR-16,3,53.98
"Raymond Buch","Boston 1645 Deluxe Heavier-Duty Electric Pencil Sharpener",01-APR-16,6,43.98
"Raymond Buch","50 Colored Long Pencils",01-APR-16,3,10.16
"Raymond Buch","Newell 342",01-APR-16,3,3.28
"Raymond Buch","Belkin Grip Candy Sheer Case / Cover for iPhone 5 and 5S",01-APR-16,4,8.78
"Ed Braxton","Chromcraft Rectangular Conference Tables",20-OCT-17,2,142.182
"Ed Braxton","Deluxe Rollaway Locking File with Drawer",20-OCT-17,2,332.704
"Ken Heidel","Memorex Mini Travel Drive 16 GB USB 2.0 Flash Drive",13-DEC-16,4,15.97
"Sanjit Chand","Global Geo Office Task Chair, Gray",12-FEB-14,2,64.784
"Natalie Fritzler","Hon 4700 Series Mobuis Mid-Back Task Chairs with Adjustable Arms",26-SEP-16,3,249.186
"Natalie Fritzler","Staple envelope",26-SEP-16,2,4.464
"Joseph Holt","3M Office Air Cleaner",15-DEC-15,4,25.98
"Joseph Holt","Logitech G700s Rechargeable Gaming Mouse",15-DEC-15,9,99.99
"Joseph Holt","Acco D-Ring Binder w/DublLock",15-DEC-15,3,17.104
"Tanja Norvell","Eldon Wave Desk Accessories",22-APR-16,5,4.712
"Tanja Norvell","Bush Advantage Collection Racetrack Conference Table",22-APR-16,6,212.105
"Tanja Norvell","Poly Designer Cover & Back",22-APR-16,5,5.697
"Tanja Norvell","Premier Electric Letter Opener",22-APR-16,2,92.688
"Tanja Norvell","Fellowes Premier Superior Surge Suppressor, 10-Outlet, With Phone and Remote",22-APR-16,2,39.136
"Joni Sundaresam","Eldon ClusterMat Chair Mat with Cordless Antistatic Protection",17-JAN-15,7,36.392
"David Smith","Bush Mission Pointe Library",31-MAR-17,2,102.6664
"Craig Carreira","Cardinal Hold-It CD Pocket",16-DEC-16,3,1.596
"Maya Herman","Eaton Premium Continuous-Feed Paper, 25% Cotton, Letter Size, White, 1000 Shts/Box",20-DEC-15,1,55.48
"Jeremy Pistek","SAFCO Boltless Steel Shelving",09-NOV-14,3,113.64
"Jeremy Pistek","Sauder Mission Library with Doors, Fruitwood Finish",09-NOV-14,2,111.333
"Jeremy Pistek","Samsung Galaxy Note 3",09-NOV-14,4,175.992
"Jeremy Pistek","Decoflex Hanging Personal Folder File, Blue",09-NOV-14,6,15.42
"Jeremy Pistek","Recycled Desk Saver Line ""While You Were Out"" Book, 5 1/2"" X 4""",09-NOV-14,7,8.95
"Jeremy Pistek","Xerox 1912",09-NOV-14,5,18.97
"Kristen Hastings","Cisco SPA525G2 IP Phone - Wireless",12-JUL-16,6,15.96
"Jeremy Ellison","Electrix 20W Halogen Replacement Bulb for Zoom-In Desk Lamp",27-OCT-16,3,13.4
"John Grady","Prang Colored Pencils",26-JUN-16,5,2.94
"Mark Packer","Atlantic Metals Mobile 3-Shelf Bookcases, Custom Colors",12-OCT-15,3,208.784
"Mark Packer","4009 Highlighters by Sanford",12-OCT-15,5,3.98
"Mary Zewe","Poly String Tie Envelopes",31-OCT-15,7,2.04
"Cassandra Brandow","Binney & Smith Crayola Metallic Colored Pencils, 8-Color Set",21-MAR-14,2,3.704
"Cassandra Brandow","Binney & Smith inkTank Erasable Desk Highlighter, Chisel Tip, Yellow, 12/Box",21-MAR-14,3,2.016
"Valerie Mitchum","Decoflex Hanging Personal Folder File",06-NOV-17,3,15.42
"Fred Hopkins","Pressboard Covers with Storage Hooks, 9 1/2"" x 11"", Light Blue",06-JUL-17,2,1.473
"Fred Hopkins","Wirebound Message Books, 5-1/2 x 4 Forms, 2 or 4 Forms per Page",06-JUL-17,3,5.352
"Maria Bertelson","Southworth 25% Cotton Linen-Finish Paper & Envelopes",24-JUN-17,3,7.248
"Bruce Stewart","BoxOffice By Design Rectangular and Half-Moon Meeting Room Tables",03-AUG-14,2,109.375
"Bruce Stewart","Bravo II Megaboss 12-Amp Hard Body Upright, Replacement Belts, 2 Belts per Pack",03-AUG-14,1,2.6
"Logan Currie","Eureka Sanitaire  Commercial Upright",17-DEC-17,2,33.142
"Heather Kirkland","Eldon 200 Class Desk Accessories, Burgundy",03-JUN-17,7,5.024
"Laurel Elliston","Nortel Business Series Terminal T7208 Digital phone",09-DEC-17,4,111.192
"Joseph Holt","Tennsco Lockers, Gray",01-DEC-17,4,20.98
"Joseph Holt","Panasonic KX-TG6844B Expandable Digital Cordless Telephone",01-DEC-17,2,65.99
"Joseph Holt","Avery Durable Slant Ring Binders, No Labels",01-DEC-17,4,3.98
"Joseph Holt","Advantus Push Pins, Aluminum Head",01-DEC-17,9,5.81
"Joseph Holt","Gould Plastics 18-Pocket Panel Bin, 34w x 5-1/4d x 20-1/2h",01-DEC-17,1,91.99
"Michael Stewart","Memorex Micro Travel Drive 8 GB",09-FEB-15,2,10.4
"Victoria Wilson","Avery 505",02-JAN-15,2,11.84
"Victoria Wilson","O'Sullivan 2-Door Barrister Bookcase in Odessa Pine",02-JAN-15,5,90.49
"Victoria Wilson","Speck Products Candyshell Flip Case",02-JAN-15,3,20.994
"Victoria Wilson","Cisco 9971 IP Video Phone Charcoal",02-JAN-15,9,132
"Victoria Wilson","Sony Micro Vault Click 16 GB USB 2.0 Flash Drive",02-JAN-15,2,44.792
"Jonathan Howell","Personal Filing Tote with Lid, Black/Gray",28-OCT-16,6,15.51
"Jonathan Howell","Adtran 1202752G1",28-OCT-16,3,100.792
"Joni Blumstein","OIC Bulk Pack Metal Binder Clips",24-DEC-15,2,2.792
"Joni Blumstein","While You Were Out Pads, 50 per Pad, 4 x 5 1/4, Green Cycle",24-DEC-15,6,3.784
"Joni Blumstein","Ibico Standard Transparent Covers",24-DEC-15,4,4.944
"Joni Blumstein","Executive Impressions 14"" Two-Color Numerals Wall Clock",24-DEC-15,4,18.176
"Joni Blumstein","Swingline SM12-08 MicroCut Jam Free Shredder",24-DEC-15,4,119.997
"Joni Blumstein","Stanley Bostitch Contemporary Electric Pencil Sharpeners",24-DEC-15,2,13.584
"David Smith","Sanford Uni-Blazer View Highlighters, Chisel Tip, Yellow",09-AUG-15,1,2.2
"David Smith","Bevis 36 x 72 Conference Tables",09-AUG-15,5,124.49
"David Smith","Rogers Deluxe File Chest",09-AUG-15,1,21.98
"Valerie Dominguez","Global Low Back Tilter Chair",28-FEB-15,2,80.784
"Valerie Dominguez","Global Push Button Manager's Chair, Indigo",28-FEB-15,8,48.712
"Erin Ashbrook","GBC Instant Index System for Binding Systems",13-SEP-14,7,2.664
"Christopher Schild","Bush Advantage Collection Round Conference Table",07-APR-17,2,116.93
"Christopher Schild","Bretford Rectangular Conference Table Tops",07-APR-17,3,206.8715
"Christopher Schild","GBC Instant Index System for Binding Systems",07-APR-17,2,2.664
"Christopher Schild","Tenex Contemporary Contur Chairmats for Low and Medium Pile Carpet, Computer, 39"" x 49""",07-APR-17,3,86.024
"Christopher Schild","Logitech P710e Mobile Speakerphone",07-APR-17,3,205.992
"David Bremer","Xerox 4200 Series MultiUse Premium Copy Paper (20Lb. and 84 Bright)",12-NOV-17,2,5.28
"Ken Lonsdale","Xerox 1957",04-JUN-16,5,5.184
"Ken Lonsdale","Luxo Professional Fluorescent Magnifier Lamp with Clamp-Mount Base",04-JUN-16,5,83.936
"Ken Lonsdale","Staple-based wall hangings",04-JUN-16,3,3.896
"Ken Lonsdale","PureGear Roll-On Screen Protector",04-JUN-16,2,15.992
"Ken Lonsdale","KI Conference Tables",04-JUN-16,5,35.445
"Ken Lonsdale","Eldon 100 Class Desk Accessories",04-JUN-16,3,1.348
"Ken Lonsdale","Binney & Smith Crayola Metallic Colored Pencils, 8-Color Set",04-JUN-16,2,3.704
"Dianna Wilson","Global Deluxe High-Back Manager's Chair",01-JUN-14,7,285.98
"Dianna Wilson","Safco Steel Mobile File Cart",01-JUN-14,2,83.36
"Dianna Wilson","Adams Telephone Message Book w/Frequently-Called Numbers Space, 400 Messages per Book",01-JUN-14,6,7.98
"Dianna Wilson","Honeywell Enviracaire Portable HEPA Air Cleaner for 17' x 22' Room",01-JUN-14,5,300.65
"Dianna Wilson","Xerox 205",01-JUN-14,4,6.48
"Logan Haushalter","Global Leather Highback Executive Chair with Pneumatic Height Adjustment, Black",10-DEC-16,2,160.784
"Kelly Collister","Wirebound Message Books, Two 4 1/4"" x 5"" Forms per Page",11-SEP-16,1,7.61
"Kelly Collister","Logitech P710e Mobile Speakerphone",11-SEP-16,13,257.49
"Delfina Latchford","Fellowes Personal Hanging Folder Files, Navy",10-DEC-16,6,13.43
"Delfina Latchford","Tyvek Side-Opening Peel & Seel Expanding Envelopes",10-DEC-16,4,90.48
"Dan Reichenbach","Eldon 100 Class Desk Accessories",28-NOV-15,9,1.348
"Dan Reichenbach","Belkin 19"" Vented Equipment Shelf, Black",28-NOV-15,2,41.184
"Dan Reichenbach","Tenex Personal Project File with Scoop Front Design, Black",28-NOV-15,5,10.784
"Dan Reichenbach","Logitech Mobile Speakerphone P710e - speaker phone",28-NOV-15,6,107.984
"Craig Carreira","Sabrent 4-Port USB 2.0 Hub",01-DEC-17,3,6.79
"Craig Carreira","Safco Industrial Shelving",01-DEC-17,3,73.85
"Craig Carreira","Acco 3-Hole Punch",01-DEC-17,5,3.504
"Dorris liebe","Eureka Disposable Bags for Sanitaire Vibra Groomer I Upright Vac",08-JUN-17,2,0.812
"Sean Braxton","Lexmark MX611dhe Monochrome Laser Printer",19-SEP-14,3,1019.994
"Sean Braxton","Xerox WorkCentre 6505DN Laser Multifunction Printer",19-SEP-14,7,359.994
"Roy Collins","Cisco Small Business SPA 502G VoIP phone",06-JUN-16,4,82.056
"Alan Hwang","Microsoft Sculpt Comfort Mouse",10-NOV-15,2,39.95
"Claudia Bergmann","Quartet Omega Colored Chalk, 12/Pack",16-JUN-17,3,4.672
"Paul Gonzalez","Bagged Rubber Bands",22-JAN-16,6,1.26
"Christine Abelman","Safco Commercial Shelving",09-DEC-17,1,37.208
"Christine Abelman","Recycled Interoffice Envelopes with String and Button Closure, 10 x 13",09-DEC-17,3,19.192
"Kristen Hastings","Adjustable Depth Letter/Legal Cart",28-DEC-17,4,181.46
"Helen Andreada","Logitech 910-002974 M325 Wireless Mouse for Web Scrolling",30-JUL-15,7,29.99
"Helen Andreada","Regeneration Desk Collection",30-JUL-15,3,1.76
"Helen Andreada","Presstex Flexible Ring Binders",30-JUL-15,3,3.64
"Barry Blumstein","Ampad Gold Fibre Wirebound Steno Books, 6"" x 9"", Gregg Ruled",16-SEP-17,2,4.41
"Barry Blumstein","Newell 330",16-SEP-17,1,5.98
"Andrew Gjertsen","Post-it “Important Message” Note Pad, Neon Colors, 50 Sheets/Pad",13-OCT-17,2,5.824
"Andrew Gjertsen","Adams Write n' Stick Phone Message Book, 11"" X 5 1/4"", 200 Messages",13-OCT-17,4,4.544
"Andrew Gjertsen","Eldon Simplefile Box Office",13-OCT-17,6,9.952
"Andrew Gjertsen","Avery 489",13-OCT-17,3,8.28
"Steven Cartwright","Round Ring Binders",26-SEP-15,5,0.416
"Steven Cartwright","Bose SoundLink Bluetooth Speaker",26-SEP-15,7,159.2
"Jas O'Carroll","Bevis Round Bullnose 29"" High Table Top",02-NOV-15,5,207.768
"Trudy Glocke","Acme Value Line Scissors",18-SEP-15,2,3.65
"Carlos Soltero","Trav-L-File Heavy-Duty Shuttle II, Black",20-JUL-17,2,34.856
"Carlos Soltero","Contract Clock, 14"", Brown",20-JUL-17,1,8.792
"Charles Crestani","Martin-Yale Premier Letter Opener",10-SEP-15,4,12.88
"Dianna Vittorini","GE 30524EE4",01-DEC-17,3,156.792
"Dianna Vittorini","AT&T SB67148 SynJ",01-DEC-17,2,52.792
"Dianna Vittorini","Fellowes Basic Home/Office Series Surge Protectors",01-DEC-17,3,10.384
"Dianna Vittorini","Recycled Pressboard Report Cover with Reinforced Top Hinge",01-DEC-17,7,0.969
"Dianna Vittorini","Jabra BIZ 2300 Duo QD Duo Corded Headset",01-DEC-17,4,101.592
"Bruce Degenhardt","Novimex High-Tech Fabric Mesh Task Chair",03-JUL-15,1,70.98
"Bruce Degenhardt","Dot Matrix Printer Tape Reel Labels, White, 5000/Box",03-JUL-15,3,98.31
"Zuschuss Carroll","i.Sound Portable Power - 8000 mAh",20-MAR-16,2,42.392
"Zuschuss Carroll","Xerox 225",20-MAR-16,4,5.184
"Zuschuss Carroll","Clear Mylar Reinforcing Strips",20-MAR-16,3,5.607
"Zuschuss Carroll","Xerox 1894",20-MAR-16,2,5.184
"Melanie Seite","Newell 312",09-JAN-14,2,4.672
"Melanie Seite","Memorex Micro Travel Drive 8 GB",09-JAN-14,3,10.4
"Lena Radford","Fellowes Superior 10 Outlet Split Surge Protector",08-AUG-14,2,38.06
"Lena Radford","Sharp AL-1530CS Digital Copier",08-AUG-14,3,399.992
"Lena Radford","AT&T 1070 Corded Phone",08-AUG-14,5,89.192
"Lena Radford","Dana Halogen Swing-Arm Architect Lamp",08-AUG-14,8,40.97
"Theone Pippenger","Acme Stainless Steel Office Snips",14-JUL-16,2,5.816
"Chloris Kastensmidt","Mophie Juice Pack Helium for iPhone",16-JUL-16,3,47.994
"Chloris Kastensmidt","GE 2-Jack Phone Line Splitter",16-JUL-16,4,123.594
"Chloris Kastensmidt","Acme Value Line Scissors",16-JUL-16,2,2.92
"Alan Shonely","Hot File 7-Pocket, Floor Stand",15-MAR-14,1,142.776
"Alan Shonely","Eldon Expressions Desk Accessory, Wood Photo Frame, Mahogany",15-MAR-14,3,15.232
"Alan Shonely","Insertable Tab Post Binder Dividers",15-MAR-14,3,2.406
"Alan Shonely","GBC VeloBinder Manual Binding System",15-MAR-14,4,10.797
"Alan Shonely","Xerox 1889",15-MAR-14,3,43.968
"Andrew Roberts","Angle-D Ring Binders",23-MAY-14,2,1.641
"Andrew Roberts","Newell 317",23-MAY-14,9,2.352
"Andrew Roberts","Motorola L804",23-MAY-14,2,27.594
"Nona Balk","Nortel Meridian M3904 Professional Digital phone",28-APR-16,3,123.192
"Nona Balk","Avery 493",28-APR-16,4,3.928
"Giulietta Dortch","Xerox 1972",11-SEP-16,2,4.224
"Giulietta Dortch","Cisco 8x8 Inc. 6753i IP Business Phone System",11-SEP-16,9,80.994
"Clytie Kelty","PureGear Roll-On Screen Protector",14-NOV-17,10,11.994
"Clytie Kelty","Prestige Round Ring Binders",14-NOV-17,2,1.824
"Nat Gilpin","DAX Metal Frame, Desktop, Stepped-Edge",18-AUG-17,2,20.24
"Nat Gilpin","DAX Value U-Channel Document Frames, Easel Back",18-AUG-17,2,4.97
"Nat Gilpin","Recycled Easel Ring Binders",18-AUG-17,9,11.936
"Nat Gilpin","Grandstream GXP1160 VoIP phone",18-AUG-17,1,37.91
"Nat Gilpin","Seth Thomas 14"" Putty-Colored Wall Clock",18-AUG-17,3,29.34
"Christina Anderson","Cardinal Slant-D Ring Binder, Heavy Gauge Vinyl",26-DEC-14,5,1.738
"Sylvia Foulston","Global Manager's Adjustable Task Chair, Storm",29-NOV-15,2,150.98
"Sylvia Foulston","Honeywell Enviracaire Portable HEPA Air Cleaner for up to 10 x 16 Room",29-NOV-15,5,111.042
"Sylvia Foulston","Mini 13-1/2 Capacity Data Binder Rack, Pearl",29-NOV-15,4,130.87
"Sylvia Foulston","BOSTON Model 1800 Electric Pencil Sharpeners, Putty/Woodgrain",29-NOV-15,9,17.98
"Meg O'Connel","Master Caster Door Stop, Brown",15-SEP-17,7,5.08
"Annie Thurman","Belkin Premiere Surge Master II 8-outlet surge protector",19-MAY-17,2,48.58
"Logan Currie","Acco Pressboard Covers with Storage Hooks, 9 1/2"" x 11"", Executive Red",17-DEC-17,5,3.048
"Logan Currie","Ampad Gold Fibre Wirebound Steno Books, 6"" x 9"", Gregg Ruled",17-DEC-17,3,4.41
"Fred McMath","Tennsco Regal Shelving Units",11-DEC-16,3,81.128
"Fred McMath","Imation 32GB Pocket Pro USB 3.0 Flash Drive - 32 GB - Black - 1 P ...",11-DEC-16,5,23.96
"Fred McMath","Jabra SPEAK 410",11-DEC-16,4,75.192
"Brian Dahlen","Verbatim 25 GB 6x Blu-ray Single Layer Recordable Disc, 1/Pack",24-SEP-17,3,5.96
"Brian Dahlen","Dot Matrix Printer Tape Reel Labels, White, 5000/Box",24-SEP-17,3,78.648
"Denny Joy","Office Star - Mesh Screen back chair with Vinyl seat",04-OCT-15,3,130.98
"Max Engle","Premium Transparent Presentation Covers by GBC",15-AUG-16,3,6.294
"Max Engle","Tripp Lite TLP810NET Broadband Surge for Modem/Fax",15-AUG-16,3,40.776
"Rick Bensley","Luxo Professional Fluorescent Magnifier Lamp with Clamp-Mount Base",20-MAY-16,5,209.84
"Rick Bensley","Wilson Jones Turn Tabs Binder Tool for Ring Binders",20-MAY-16,4,3.856
"Justin Deggeller","Eldon 200 Class Desk Accessories",18-DEC-16,3,6.28
"John Lee","Economy Rollaway Files",30-JUL-17,2,165.2
"John Lee","Avery 480",30-JUL-17,7,3.75
"Sean Christensen","Imation 16GB Mini TravelDrive USB 2.0 Flash Drive",10-JUN-17,4,33.13
"Tamara Willingham","Xerox 1993",21-JUL-17,1,6.48
"Chuck Clark","Eureka The Boss Plus 12-Amp Hard Box Upright Vacuum, Red",30-DEC-17,2,104.65
"Barry Blumstein","Staples",01-APR-16,5,6.312
"Barry Blumstein","Belkin F9H710-06 7 Outlet SurgeMaster Surge Protector",01-APR-16,2,15.072
"Anthony Rawles","3M Hangers With Command Adhesive",11-DEC-16,4,3.7
"Anthony Rawles","AT&T TR1909W",11-DEC-16,3,100.792
"Anthony Rawles","First Data FD10 PIN Pad",11-DEC-16,4,79
"Steven Roelle","Snap-A-Way Black Print Carbonless Ruled Speed Letter, Triplicate",23-OCT-16,10,37.94
"Allen Rosenblatt","Xerox 1943",19-JUN-17,2,48.91
"Allen Rosenblatt","Sony 16GB Class 10 Micro SDHC R40 Memory Card",19-JUN-17,8,12.89
"Craig Reiter","Tripp Lite Isotel 8 Ultra 8 Outlet Metal Surge",22-AUG-16,2,56.776
"Craig Reiter","Avery Durable Poly Binders",22-AUG-16,2,1.659
"Craig Reiter","Airmail Envelopes",22-AUG-16,2,67.144
"Eugene Hildebrand","Global Troy Executive Leather Low-Back Tilter",19-SEP-16,2,350.686
"Eugene Hildebrand","Avery Binding System Hidden Tab Executive Style Index Sets",19-SEP-16,2,1.154
"Cassandra Brandow","Hot File 7-Pocket, Floor Stand",24-AUG-15,7,142.776
"Cassandra Brandow","Space Solutions Commercial Steel Shelving",24-AUG-15,14,51.72
"Cassandra Brandow","Hon Racetrack Conference Tables",24-AUG-15,5,183.757
"Cassandra Brandow","Avery Durable Plastic 1"" Binders",24-AUG-15,3,0.908
"Sibella Parks","Gould Plastics 18-Pocket Panel Bin, 34w x 5-1/4d x 20-1/2h",26-MAR-16,5,91.99
"Roy Collins","OIC Colored Binder Clips, Assorted Sizes",04-NOV-16,3,3.58
"Tiffany House","Acme Tagit Stainless Steel Antibacterial Scissors",08-JUN-17,3,7.92
"Tiffany House","Easy-staple paper",08-JUN-17,3,28.352
"Tiffany House","ClearOne Communications CHAT 70 OC Speaker Phone",08-JUN-17,3,127.192
"Resi Pölking","Master Giant Foot Doorstop, Safety Yellow",24-DEC-14,5,6.072
"Meg O'Connel","12-1/2 Diameter Round Wall Clock",09-JUN-17,3,7.992
"Meg O'Connel","Chromcraft Bull-Nose Wood Round Conference Table Top, Wood Base",09-JUN-17,1,108.925
"Meg O'Connel","Adams Telephone Message Book W/Dividers/Space For Phone Numbers, 5 1/4""X8 1/2"", 200/Messages",09-JUN-17,8,4.544
"Tamara Dahlen","Newell 331",15-JUN-17,5,3.912
"Rob Beeghly","Kensington 6 Outlet Guardian Standard Surge Protector",05-DEC-17,3,20.48
"Rob Beeghly","Southworth 100% Résumé Paper, 24lb.",05-DEC-17,5,7.78
"Rob Beeghly","Imation 16GB Mini TravelDrive USB 2.0 Flash Drive",05-DEC-17,3,33.13
"Carol Darley","Hoover Portapower Portable Vacuum",18-MAR-17,3,0.896
"Carol Darley","Verbatim 25 GB 6x Blu-ray Single Layer Recordable Disc, 10/Pack",18-MAR-17,3,9.272
"Carol Darley","Howard Miller 13-1/2"" Diameter Rosebrook Wall Clock",18-MAR-17,3,27.508
"Carol Darley","Ibico Hi-Tech Manual Binding System",18-MAR-17,3,60.998
"Doug Jacobs","Avery Hanging File Binders",19-NOV-16,3,4.784
"Doug Jacobs","Fellowes Neat Ideas Storage Cubes",19-NOV-16,2,32.48
"Doug Jacobs","Advantus Rolling Storage Box",19-NOV-16,4,17.15
"Grant Thornton","Cubify CubeX 3D Printer Triple Head Print",04-NOV-17,4,1999.995
"Grant Thornton","Eureka The Boss Plus 12-Amp Hard Box Upright Vacuum, Red",04-NOV-17,2,83.72
"Michael Chen","NETGEAR AC1750 Dual Band Gigabit Smart WiFi Router",05-JUL-14,3,159.99
"Michael Chen","Avery 516",05-JUL-14,2,7.31
"Michael Chen","Xerox 1995",05-JUL-14,3,6.48
"Ralph Arnett","Bush Andora Bookcase, Maple/Graphite Gray Finish",25-DEC-17,2,95.992
"Naresj Patel","Luxo Professional Magnifying Clamp-On Fluorescent Lamps",21-JUN-14,1,104.01
"Naresj Patel","Konftel 250 Conference phone - Charcoal black",21-JUN-14,1,284.82
"Naresj Patel","Recycled Eldon Regeneration Jumbo File",21-JUN-14,3,12.28
"Alan Barnes","Imation Bio 8GB USB Flash Drive Imation Corp",28-MAR-15,1,166.24
"Alan Barnes","Xerox 1977",28-MAR-15,5,6.68
"Jesus Ocampo","Boston School Pro Electric Pencil Sharpener, 1670",14-MAY-15,8,24.784
"Jesus Ocampo","Avery 490",14-MAY-15,4,11.84
"Jesus Ocampo","Jet-Pak Recycled Peel 'N' Seal Padded Mailers",14-MAY-15,7,28.712
"Jesus Ocampo","Avery 4027 File Folder Labels for Dot Matrix Printers, 5000 Labels per Box, White",14-MAY-15,4,24.424
"Jesus Ocampo","Binney & Smith Crayola Metallic Crayons, 16-Color Pack",14-MAY-15,1,2.696
"Jesus Ocampo","GBC Linen Binding Covers",14-MAY-15,2,9.294
"Jesus Ocampo","Wilson Jones Custom Binder Spines & Labels",14-MAY-15,3,1.632
"Dorris liebe","Eldon 200 Class Desk Accessories, Burgundy",02-SEP-17,3,5.024
"Alejandro Savely","Tenex ""The Solids"" Textured Chair Mats",04-NOV-16,3,69.96
"Jay Kimmel","Laminate Occasional Tables",09-APR-15,3,123.304
"Brad Norvell","Xerox 220",12-SEP-14,2,5.184
"Brad Norvell","Fellowes 8 Outlet Superior Workstation Surge Protector",12-SEP-14,5,33.368
"Brad Norvell","SanDisk Cruzer 32 GB USB Flash Drive",12-SEP-14,1,15.216
"David Philippe","Logitech 910-002974 M325 Wireless Mouse for Web Scrolling",02-DEC-14,4,29.99
"David Philippe","O'Sullivan Living Dimensions 5-Shelf Bookcases",02-DEC-14,5,176.784
"David Philippe","Angle-D Binders with Locking Rings, Label Holders",02-DEC-14,8,5.84
"Tracy Hopkins","Eaton Premium Continuous-Feed Paper, 25% Cotton, Letter Size, White, 1000 Shts/Box",05-APR-14,1,55.48
"Arthur Prichep","#10- 4 1/8"" x 9 1/2"" Security-Tint Envelopes",03-SEP-17,4,6.112
"Roland Schwarz","Bionaire Personal Warm Mist Humidifier/Vaporizer",19-MAY-17,6,46.89
"Roland Schwarz","Nortel Meridian M3904 Professional Digital phone",19-MAY-17,2,153.99
"Roland Schwarz","Logitech Wireless Performance Mouse MX for PC and Mac",19-MAY-17,3,99.99
"Dorris liebe","Cardinal Holdit Business Card Pockets",01-JUL-14,5,3.984
"Seth Vernon","DAX Value U-Channel Document Frames, Easel Back",11-JAN-14,2,4.97
"Kelly Collister","Howard Miller 13"" Diameter Pewter Finish Round Wall Clock",24-SEP-17,3,34.352
"Christine Kargatis","GBC Standard Therm-A-Bind Covers",02-JUN-14,3,19.936
"Christine Kargatis","Aluminum Document Frame",02-JUN-14,6,12.22
"Ross DeVincentis","Tops Green Bar Computer Printout Paper",13-FEB-16,3,48.94
"Michael Paige","Chromcraft Bull-Nose Wood Oval Conference Tables & Bases",15-DEC-16,3,550.98
"Michael Paige","Recycled Data-Pak for Archival Bound Computer Printouts, 12-1/2 x 12-1/2 x 16",15-DEC-16,3,98.79
"Mathew Reese","Seth Thomas 16"" Steel Case Clock",07-OCT-14,5,25.984
"Steve Chapman","Acme Softgrip Scissors",07-JUL-16,7,6.512
"Jay Fein","Manila Recycled Extra-Heavyweight Clasp Envelopes, 6"" x 9""",16-SEP-17,2,8.784
"Jay Fein","ClearSounds CSC500 Amplified Spirit Phone Corded phone",16-SEP-17,1,55.992
"Emily Grady","Xerox 1964",03-DEC-16,8,22.84
"Emily Grady","Bevis Traditional Conference Table Top, Plinth Base",03-DEC-16,2,200.016
"Emily Grady","Personal Folder Holder, Ebony",03-DEC-16,3,11.21
"Emily Grady","Global Leather Highback Executive Chair with Pneumatic Height Adjustment, Black",03-DEC-16,3,180.882
"Emily Grady","Avery 520",03-DEC-16,2,3.15
"Darrin Sayre","Carina Double Wide Media Storage Towers in Natural & Black",21-JAN-17,3,80.98
"Darrin Sayre","Logitech Illuminated - Keyboard",21-JAN-17,3,59.99
"Darrin Sayre","Wilson Jones Century Plastic Molded Ring Binders",21-JAN-17,6,16.616
"Darrin Sayre","Wilson Jones Leather-Like Binders with DublLock Round Rings",21-JAN-17,4,6.984
"Darrin Sayre","O'Sullivan Cherrywood Estates Traditional Bookcase",21-JAN-17,1,84.98
"Darrin Sayre","Acco Translucent Poly Ring Binders",21-JAN-17,5,3.744
"Gary Zandusky","Logitech Wireless Touch Keyboard K400",08-SEP-14,2,24.99
"Phillina Ober","Avery 508",04-JAN-14,3,3.928
"Phillina Ober","SAFCO Boltless Steel Shelving",04-JAN-14,3,90.912
"Phillina Ober","GBC Standard Plastic Binding Systems Combs",04-JAN-14,2,1.77
"Sung Shariari","Martin-Yale Premier Letter Opener",27-AUG-16,5,10.304
"Sung Shariari","Ampad Gold Fibre Wirebound Steno Books, 6"" x 9"", Gregg Ruled",27-AUG-16,1,3.528
"Sung Shariari","Xerox 196",27-AUG-16,1,4.624
"Sung Shariari","Fiskars 8"" Scissors, 2/Pack",27-AUG-16,4,13.792
"Maya Herman","KI Conference Tables",27-MAY-14,10,56.712
"Maya Herman","Fellowes Officeware Wire Shelving",27-MAY-14,4,89.83
"Peter Bühler","Belkin iPhone and iPad Lightning Cable",20-MAR-16,1,11.992
"Roland Fjeld","GBC Durable Plastic Covers",02-OCT-17,3,19.35
"Roland Fjeld","Nu-Dell Leatherette Frames",02-OCT-17,11,14.34
"Roland Fjeld","Avery Hi-Liter EverBold Pen Style Fluorescent Highlighters, 4/Pack",02-OCT-17,7,8.14
"Roland Fjeld","Avery Durable Binders",02-OCT-17,1,2.88
"Yoseph Carroll","Hewlett Packard 610 Color Digital Copier / Printer",07-APR-16,3,399.992
"Melanie Seite","12-1/2 Diameter Round Wall Clock",07-DEC-15,4,19.98
"Nona Balk","Chromcraft Round Conference Tables",18-SEP-16,4,95.8595
"Debra Catini","Recycled Eldon Regeneration Jumbo File",29-DEC-14,2,12.28
"Debra Catini","Imation 32GB Pocket Pro USB 3.0 Flash Drive - 32 GB - Black - 1 P ...",29-DEC-14,4,29.95
"Christine Phan","Angle-D Ring Binders",23-JUL-17,3,4.376
"Barry Französisch","Adams Telephone Message Book W/Dividers/Space For Phone Numbers, 5 1/4""X8 1/2"", 200/Messages",18-SEP-17,4,5.68
"Andrew Roberts","Xerox 226",31-AUG-15,9,6.48
"Julie Creighton","Avery 476",03-NOV-17,3,4.13
"Lisa Hazard","JBL Micro Wireless Portable Bluetooth Speaker",08-FEB-15,3,35.994
"Chris Selesnick","Staple envelope",13-JAN-14,2,5.68
"Chris Selesnick","Brown Kraft Recycled Envelopes",13-JAN-14,3,16.98
"Chris Selesnick","Plantronics S12 Corded Telephone Headset System",13-JAN-14,6,107.79
"Chris Selesnick","3-ring staple pack",13-JAN-14,3,1.88
"Chris Selesnick","Fellowes Stor/Drawer Steel Plus Storage Drawers",13-JAN-14,6,95.43
"Anthony Johnson","Electrix Halogen Magnifier Lamp",14-MAY-14,2,155.44
"Laurel Elliston","Hon 4070 Series Pagoda Round Back Stacking Chairs",19-MAY-16,2,320.98
"Benjamin Venier","Cardinal EasyOpen D-Ring Binders",30-JAN-17,2,9.14
"Benjamin Venier","AT&T 841000 Phone",30-JAN-17,3,69
"Benjamin Venier","GBC Instant Report Kit",30-JAN-17,5,6.47
"Benjamin Venier","DXL Angle-View Binders with Locking Rings by Samsill",30-JAN-17,1,7.71
"Benjamin Venier","Boston 19500 Mighty Mite Electric Pencil Sharpener",30-JAN-17,2,20.15
"Benjamin Venier","C-Line Magnetic Cubicle Keepers, Clear Polypropylene",30-JAN-17,7,4.94
"Dan Lawera","Dixon My First Ticonderoga Pencil, #2",29-JUN-14,7,4.68
"Nick Zandusky","Hon GuestStacker Chair",21-AUG-15,3,181.336
"Nick Zandusky","Xerox 191",21-AUG-15,3,19.98
"Nick Zandusky","Xerox 1974",21-AUG-15,4,5.98
"Nick Zandusky","Xerox 1927",21-AUG-15,1,4.28
"Bryan Mills","Acco D-Ring Binder w/DublLock",03-OCT-15,5,6.414
"Bryan Mills","Imation 8gb Micro Traveldrive Usb 2.0 Flash Drive",03-OCT-15,2,12
"Bryan Mills","Safco Value Mate Series Steel Bookcases, Baked Enamel Finish on Steel, Gray",03-OCT-15,1,35.49
"Bryan Mills","Microsoft Natural Ergonomic Keyboard 4000",03-OCT-15,2,23.992
"Erin Ashbrook","Cameo Buff Policy Envelopes",23-MAY-15,3,62.23
"Clay Ludtke","Heavy-Duty E-Z-D Binders",17-MAR-17,2,8.728
"Liz Thompson","Lifetime Advantage Folding Chairs, 4/Carton",12-DEC-15,2,174.464
"Sue Ann Reed","GBC VeloBinder Manual Binding System",26-JUN-15,4,35.99
"Sue Ann Reed","Decoflex Hanging Personal Folder File, Blue",26-JUN-15,1,15.42
"Sue Ann Reed","Acco PRESSTEX Data Binder with Storage Hooks, Dark Blue, 9 1/2"" X 11""",26-JUN-15,8,5.38
"Sue Ann Reed","Office Star - Contemporary Task Swivel Chair",26-JUN-15,3,110.98
"Joe Kamberova","Cisco Unified IP Phone 7945G VoIP phone",20-MAY-16,5,272.792
"Erica Smith","Avery 499",20-SEP-14,2,4.98
"Erica Smith","Wirebound Message Book, 4 per Page",20-SEP-14,4,5.43
"Rick Hansen","Avery Durable Binders",21-SEP-17,7,2.88
"David Bremer","Xerox 1887",24-DEC-15,7,18.97
"David Bremer","Xerox 1967",24-DEC-15,2,6.48
"David Bremer","Smead Alpha-Z Color-Coded Second Alphabetical Labels and Starter Set",24-DEC-15,7,3.08
"Carlos Daly","Situations Contoured Folding Chairs, 4/Set",27-NOV-15,5,56.784
"Helen Wasserman","Executive Impressions 14"" Contract Wall Clock",20-FEB-17,1,22.23
"Helen Wasserman","Logitech Mobile Speakerphone P710e - speaker phone",20-FEB-17,2,107.984
"Helen Wasserman","Belkin 7 Outlet SurgeMaster II",18-AUG-16,9,39.48
"Mike Caudle","Xerox 218",12-MAR-16,2,6.48
"Gary McGarr","Eldon Stackable Tray, Side-Load, Legal, Smoke",22-APR-17,2,9.14
"Russell Applegate","Model L Table or Wall-Mount Pencil Sharpener",01-NOV-14,3,14.392
"Russell Applegate","ClearOne CHATAttach 160 - speaker phone",01-NOV-14,4,495.992
"Allen Armold","Coloredge Poster Frame",03-FEB-15,2,14.2
"Allen Armold","Kensington SlimBlade Notebook Wireless Mouse with Nano Receiver ",03-FEB-15,3,49.99
"Zuschuss Carroll","Newell 32",13-OCT-14,4,2.88
"Zuschuss Carroll","Bevis Round Bullnose 29"" High Table Top",13-OCT-14,5,259.71
"Zuschuss Carroll","Belkin F9G930V10-GRY 9 Outlet Surge",13-OCT-14,4,53.48
"Zuschuss Carroll","Sony 16GB Class 10 Micro SDHC R40 Memory Card",13-OCT-14,2,12.89
"Pauline Johnson","Eldon Stackable Tray, Side-Load, Legal, Smoke",14-MAY-17,2,9.14
"Pauline Johnson","Razer Tiamat Over Ear 7.1 Surround Sound PC Gaming Headset",14-MAY-17,7,199.99
"Bart Watters","Xerox 205",20-MAR-15,8,6.48
"Dean Braden","Xerox 1968",15-SEP-16,1,5.344
"Cynthia Arntzen","Xerox 1995",28-JUN-14,8,5.184
"Cynthia Arntzen","Self-Adhesive Ring Binder Labels",28-JUN-14,3,1.056
"Cynthia Arntzen","Global Leather Executive Chair",28-JUN-14,5,245.693
"Cynthia Arntzen","GBC Recycled Grain Textured Covers",28-JUN-14,3,10.362
"Cynthia Arntzen","Xerox 1941",28-JUN-14,4,83.88
"Toby Ritter","Razer Kraken PRO Over Ear PC and Music Headset",20-JUN-17,3,79.99
"Toby Ritter","Avery 508",20-JUN-17,2,4.91
"Patrick Gardner","Kingston Digital DataTraveler 32GB USB 2.0",09-MAY-14,4,16.95
"Patrick Gardner","Sony Micro Vault Click 16 GB USB 2.0 Flash Drive",09-MAY-14,3,55.99
"Greg Tran","Advantus Plastic Paper Clips",21-AUG-17,7,5
"Greg Tran","Acme Forged Steel Scissors with Black Enamel Handles",21-AUG-17,4,9.31
"Greg Tran","Security-Tint Envelopes",21-AUG-17,2,7.64
"Joel Eaton","Global Airflow Leather Mesh Back Chair, Black",16-JUN-17,2,150.98
"Joel Eaton","Fellowes Smart Surge Ten-Outlet Protector, Platinum",16-JUN-17,3,60.22
"Joel Eaton","Pyle PMP37LED",16-JUN-17,2,95.99
"Joel Eaton","Clarity 53712",16-JUN-17,1,65.99
"Jennifer Braxton","Boston 16801 Nautilus Battery Pencil Sharpener",23-JUL-16,2,17.608
"Jennifer Braxton","Holmes Replacement Filter for HEPA Air Cleaner, Large Room",23-JUL-16,2,11.848
"Jennifer Braxton","Zebra GX420t Direct Thermal/Thermal Transfer Printer",23-JUL-16,1,265.475
"Lisa Hazard","GBC ProClick Punch Binding System",08-SEP-14,4,12.796
"James Lanier","Adams Telephone Message Books, 5 1/4” x 11”",04-NOV-17,2,4.832
"Ed Braxton","Belkin Grip Candy Sheer Case / Cover for iPhone 5 and 5S",07-MAR-16,3,7.024
"Brian Moss","Boston 19500 Mighty Mite Electric Pencil Sharpener",20-NOV-15,3,20.15
"Brian Moss","Newell 335",20-NOV-15,4,2.88
"Brian Moss","O'Sullivan 3-Shelf Heavy-Duty Bookcases",20-NOV-15,4,46.512
"Eudokia Martin","Fellowes Binding Cases",07-NOV-16,4,9.36
"Eudokia Martin","Ibico Plastic and Wire Spiral Binding Combs",07-NOV-16,4,6.744
"Eudokia Martin","Acme Preferred Stainless Steel Scissors",07-NOV-16,2,5.68
"Eudokia Martin","Avery 486",07-NOV-16,2,7.31
"Art Foster","I Need's 3d Hello Kitty Hybrid Silicone Case Cover for HTC One X 4g with 3d Hello Kitty Stylus Pen Green/pink",13-OCT-15,7,11.96
"Art Foster","Global Deluxe Office Fabric Chairs",13-OCT-15,3,95.98
"Guy Armstrong","Linden 10"" Round Wall Clock, Black",01-JAN-17,4,12.224
"Cyma Kinney","Maxell DVD-RAM Discs",07-FEB-14,7,16.48
"Dave Poirier","DIXON Oriole Pencils",20-JUN-16,2,2.58
"Dave Poirier","Xerox 202",20-JUN-16,6,6.48
"Valerie Dominguez","Boston School Pro Electric Pencil Sharpener, 1670",28-MAY-16,6,30.98
"Greg Tran","Executive Impressions 14"" Contract Wall Clock",19-FEB-16,2,22.23
"Greg Tran","Carina Double Wide Media Storage Towers in Natural & Black",19-FEB-16,3,80.98
"Berenike Kampe","Xerox 1884",03-AUG-14,2,19.98
"Berenike Kampe","Acme Box Cutter Scissors",03-AUG-14,10,10.23
"Berenike Kampe","Staple magnet",03-AUG-14,2,10.68
"Sanjit Jacobs","Wirebound Message Books, Two 4 1/4"" x 5"" Forms per Page",10-APR-17,1,7.61
"Sanjit Jacobs","OIC Binder Clips",10-APR-17,2,3.58
"Chuck Magee","Staple remover",09-JUN-14,2,3.68
"Chuck Magee","Deluxe Chalkboard Eraser Cleaner",09-JUN-14,2,11.55
"Anthony Johnson","Logitech MX Performance Wireless Mouse",05-JAN-16,6,31.912
"Anthony Johnson","Newell 337",05-JAN-16,2,2.624
"Anthony Johnson","Logitech B530 USB Headset - headset - Full size, Binaural",05-JAN-16,2,29.592
"Anthony Jacobs","Avery 482",10-JAN-14,1,2.89
"Anthony Jacobs","Howard Miller 11-1/2"" Diameter Ridgewood Wall Clock",10-JAN-14,1,51.94
"Linda Southworth","Avery 483",29-SEP-16,4,3.984
"Guy Phonely","Large Capacity Hanging Post Binders",06-APR-14,6,7.485
"Paul Knutson","GBC Ibimaster 500 Manual ProClick Binding System",03-SEP-16,5,228.294
"Paul Knutson","Cisco SPA301",03-SEP-16,3,93.594
"Tracy Blumstein","Southworth 100% Cotton The Best Paper",19-OCT-15,3,11.48
"Sally Matthias","Adams Write n' Stick Phone Message Book, 11"" X 5 1/4"", 200 Messages",10-DEC-14,2,5.68
"Sally Matthias","Poly Designer Cover & Back",10-DEC-14,7,15.192
"Guy Armstrong","Xerox 1910",25-AUG-17,5,38.432
"Chuck Clark","Tenex Contemporary Contur Chairmats for Low and Medium Pile Carpet, Computer, 39"" x 49""",17-JAN-16,3,107.53
"Chuck Clark","Logitech 910-002974 M325 Wireless Mouse for Web Scrolling",17-JAN-16,1,29.99
"Chuck Clark","Logitech G19 Programmable Gaming Keyboard",17-JAN-16,3,123.99
"Anthony Garverick","Acco Pressboard Covers with Storage Hooks, 14 7/8"" x 11"", Light Blue",17-SEP-14,4,1.473
"Harold Pawlan","Lock-Up Easel 'Spel-Binder'",30-NOV-17,3,22.824
"Harold Pawlan","SAFCO Arco Folding Chair",30-NOV-17,5,248.58
"Dave Kipp","Decoflex Hanging Personal Folder File, Blue",09-OCT-15,2,15.42
"Gary Zandusky","Binney & Smith Crayola Metallic Crayons, 16-Color Pack",23-DEC-17,4,3.37
"Peter McVee","Eldon 200 Class Desk Accessories",22-OCT-16,5,6.28
"Lauren Leatherbury","Dax Clear Box Frame",29-APR-14,2,8.73
"Jill Stevenson","Fellowes Black Plastic Comb Bindings",25-APR-15,3,4.648
"Olvera Toch","Eldon Shelf Savers Cubes and Bins",26-JUN-17,12,6.98
"Ed Ludwig","Acco PRESSTEX Data Binder with Storage Hooks, Dark Blue, 14 7/8"" X 11""",14-OCT-17,7,5.38
"Cyma Kinney","Xerox 1987",09-DEC-14,6,5.78
"Jeremy Ellison","Anker Ultrathin Bluetooth Wireless Keyboard Aluminum Cover with Stand ",20-JUN-17,5,29.99
"Jeremy Ellison","Acco D-Ring Binder w/DublLock",20-JUN-17,3,17.104
"Tracy Hopkins","Ampad Poly Cover Wirebound Steno Book, 6"" x 9"" Assorted Colors, Gregg Ruled",26-JUN-17,1,4.54
"Tracy Hopkins","Fluorescent Highlighters by Dixon",26-JUN-17,4,3.98
"Tracy Hopkins","Nortel Networks T7316 E Nt8 B27",26-JUN-17,8,67.99
"Pamela Coakley","File Shuttle I and Handi-File",10-NOV-16,7,22.26
"Pamela Coakley","Binding Machine Supplies",10-NOV-16,3,23.336
"Hunter Lopez","Staple envelope",03-OCT-16,2,7.824
"Maribeth Schnelling","Alphabetical Labels for Top Tab Filing",09-SEP-14,7,14.8
"George Bell","Things To Do Today Pad",29-OCT-17,8,5.87
"Justin Ritter","Wilson Jones Hanging Recycled Pressboard Data Binders",10-APR-16,2,4.452
"Tamara Dahlen","Permanent Self-Adhesive File Folder Labels for Typewriters by Universal",11-NOV-17,5,2.088
"Tamara Dahlen","Deluxe Heavy-Duty Vinyl Round Ring Binder",11-NOV-17,4,4.584
"Dave Brooks","Avaya 5420 Digital phone",15-SEP-17,3,107.992
"Logan Currie","Xerox 1923",08-APR-16,3,6.68
"Logan Currie","Fellowes Neat Ideas Storage Cubes",08-APR-16,2,32.48
"Logan Currie","Xerox 1931",08-APR-16,2,6.48
"Patrick O'Donnell","Bush Westfield Collection Bookcases, Fully Assembled",30-DEC-17,4,80.784
"Patrick O'Donnell","Gear Head AU3700S Headset",30-DEC-17,7,12.99
"Patrick O'Donnell","Wilson Jones Legal Size Ring Binders",30-DEC-17,3,17.592
"Bill Eplett","Polycom CX600 IP Phone VoIP phone",02-SEP-17,4,299.95
"Bill Eplett","Maxell iVDR EX 500GB Cartridge",02-SEP-17,7,275.54
"Bill Eplett","Fellowes High-Stak Drawer Files",02-SEP-17,2,176.19
"Sample Company A","3M Hangers With Command Adhesive",31-MAY-15,6,3.7
"Brian Moss","Howard Miller 13"" Diameter Goldtone Round Wall Clock",27-NOV-17,1,46.94
"Brian Moss","Memorex Mini Travel Drive 16 GB USB 2.0 Flash Drive",27-NOV-17,9,15.97
"Kelly Lampkin","Lesro Sheffield Collection Coffee Table, End Table, Center Table, Corner Table",15-JUN-14,2,49.959
"Kelly Lampkin","Global Commerce Series High-Back Swivel/Tilt Chairs",15-JUN-14,4,199.486
"Kelly Lampkin","Avery Premier Heavy-Duty Binder with Round Locking Rings",15-JUN-14,3,2.856
"Rob Williams","Cameo Buff Policy Envelopes",05-MAR-16,3,49.784
"Rob Williams","Acco Perma 4000 Stacking Storage Drawers",05-MAR-16,1,12.992
"Roy Collins","Recycled Eldon Regeneration Jumbo File",05-DEC-14,2,12.28
"Sanjit Engle","Maxell 4.7GB DVD-R",11-APR-15,3,28.38
"Sanjit Engle","OtterBox Commuter Series Case - iPhone 5 & 5s",11-APR-15,1,21.99
"Sanjit Engle","Kensington 4 Outlet MasterPiece Compact Power Control Center",11-APR-15,5,81.32
"Adam Hart","GBC DocuBind 300 Electric Binding Machine",15-SEP-16,2,420.784
"Jessica Myrick","Xerox 1985",13-SEP-14,3,5.184
"Jessica Myrick","Hypercom P1300 Pinpad",13-SEP-14,5,50.4
"Joel Jenkins","Newell 324",05-OCT-15,4,11.55
"Joel Jenkins","Holmes Odor Grabber",05-OCT-15,2,14.42
"Alan Barnes","Zebra Zazzle Fluorescent Highlighters",14-APR-17,3,4.864
"Alan Barnes","Sanford Prismacolor Professional Thick Lead Art Pencils, 36-Color Set",14-APR-17,3,29.952
"Alan Barnes","Xerox 196",14-APR-17,3,4.624
"Ralph Kennedy","RSVP Cards & Envelopes, Blank White, 8-1/2"" X 11"", 24 Cards/25 Envelopes/Set",02-SEP-17,3,4.064
"Catherine Glotzbach","Wirebound Message Books, 2 7/8"" x 5"", 3 Forms per Page",20-JUN-16,8,5.632
"Catherine Glotzbach","JM Magazine Binder",20-JUN-16,6,4.953
"Catherine Glotzbach","Xerox 202",20-JUN-16,3,5.184
"Catherine Glotzbach","Sanyo 2.5 Cubic Foot Mid-Size Office Refrigerators",20-JUN-16,2,223.848
"Ruben Ausman","NETGEAR AC1750 Dual Band Gigabit Smart WiFi Router",05-NOV-17,1,159.99
"Rachel Payne","Xerox 213",13-DEC-15,2,6.48
"Rachel Payne","Fellowes 8 Outlet Superior Workstation Surge Protector w/o Phone/Fax/Modem Protection",13-DEC-15,4,33.62
"Karen Carlisle","Message Book, Standard Line ""While You Were Out"", 5 1/2"" X 4"", 200 Sets/Book",19-JUN-16,2,8.56
"Rob Williams","Acco Pressboard Covers with Storage Hooks, 14 7/8"" x 11"", Dark Blue",13-DEC-16,2,3.048
"Rob Williams","Bretford CR4500 Series Slim Rectangular Table",13-DEC-16,4,278.568
"John Lucas","Xerox 1894",29-MAY-15,5,6.48
"John Lucas","Standard Rollaway File with Lock",29-MAY-15,3,180.19
"John Lucas","Avery Trapezoid Extra Heavy Duty 4"" Binders",29-MAY-15,5,33.552
"Cynthia Arntzen","Bevis Boat-Shaped Conference Table",26-JUL-15,3,131.055
"Ross Baird","Deflect-o RollaMat Studded, Beveled Mat for Medium Pile Carpeting",28-NOV-17,7,73.784
"Ross Baird","Luxo Professional Fluorescent Magnifier Lamp with Clamp-Mount Base",28-NOV-17,6,167.872
"Ross Baird","Riverside Furniture Oval Coffee Table, Oval End Table, End Table with Drawer",28-NOV-17,12,172.11
"Ross Baird","Xerox 210",28-NOV-17,3,5.184
"Ross Baird","Xerox 4200 Series MultiUse Premium Copy Paper (20Lb. and 84 Bright)",28-NOV-17,6,4.224
"Katherine Hughes","Staple-based wall hangings",03-APR-17,4,6.368
"Greg Hansen","Stanley Bostitch Contemporary Electric Pencil Sharpeners",28-DEC-17,2,13.584
"Greg Hansen","Bush Westfield Collection Bookcases, Medium Cherry Finish",28-DEC-17,2,39.4264
"Scott Williamson","Home/Office Personal File Carts",30-NOV-17,5,34.76
"Joseph Airdo","Logitech B530 USB Headset - headset - Full size, Binaural",15-MAY-17,1,29.592
"Joseph Airdo","Avery Durable Slant Ring Binders",15-MAY-17,2,2.376
"Joseph Airdo","Universal Ultra Bright White Copier/Laser Paper, 8 1/2"" x 11"", Ream",15-MAY-17,3,5.184
"Daniel Lacy","Luxo Professional Combination Clamp-On Lamps",22-SEP-15,2,102.3
"Lindsay Williams","Global Leather Highback Executive Chair with Pneumatic Height Adjustment, Black",14-NOV-17,2,160.784
"Thomas Brumley","Zipper Ring Binder Pockets",27-NOV-15,2,3.12
"Cynthia Voltz","White Business Envelopes with Contemporary Seam, Recycled White Business Envelopes",01-SEP-16,2,10.94
"Maribeth Schnelling","Avery File Folder Labels",22-SEP-14,2,2.304
"Bryan Spruell","Color-Coded Legal Exhibit Labels",09-APR-17,2,4.91
"Bryan Spruell","Bulldog Vacuum Base Pencil Sharpener",09-APR-17,3,11.99
"Bryan Spruell","Xerox 212",09-APR-17,2,6.48
"Bryan Spruell","Computer Printout Paper with Letter-Trim Fine Perforations",09-APR-17,4,47.9
"Bryan Spruell","Avery File Folder Labels",09-APR-17,3,2.88
"Bryan Spruell","Office Impressions Heavy Duty Welded Shelving & Multimedia Storage Drawers",09-APR-17,3,167.27
"Delfina Latchford","DAX Black Cherry Wood-Tone Poster Frame",16-JAN-14,6,21.184
"Delfina Latchford","AT&T 841000 Phone",16-JAN-14,3,41.4
"Delfina Latchford","GBC Linen Binding Covers",16-JAN-14,2,9.294
"Delfina Latchford","Round Specialty Laser Printer Labels",16-JAN-14,3,10.024
"Phillina Ober","Motorola HK250 Universal Bluetooth Headset",05-OCT-17,7,22.99
"Phillina Ober","Tuf-Vin Binders",05-OCT-17,3,25.264
"Tamara Dahlen","Wilson Jones Easy Flow II Sheet Lifters",09-JUL-17,2,0.54
"Bart Watters","Lexmark MX611dhe Monochrome Laser Printer",07-JAN-17,2,1529.991
"Robert Waldorf","Angle-D Ring Binders",30-MAY-16,2,1.641
"Ken Brennan","Xerox 188",09-DEC-15,3,11.34
"Emily Burns","Office Star - Contemporary Task Swivel Chair",03-OCT-16,6,99.882
"Tracy Zic","BIC Brite Liner Grip Highlighters, Assorted, 5/Pack",11-NOV-14,1,3.392
"Tracy Zic","Samsung Galaxy S III - 16GB - pebble blue (T-Mobile)",11-NOV-14,2,279.992
"Tracy Zic","Global Airflow Leather Mesh Back Chair, Black",11-NOV-14,5,120.784
"Ann Steele","Avery 499",29-SEP-17,2,3.984
"Ann Steele","#10- 4 1/8"" x 9 1/2"" Recycled Envelopes",29-SEP-17,4,6.992
"Ann Steele","Wasp CCD Handheld Bar Code Reader",29-SEP-17,3,112.17
"Toby Swindell","Acco Suede Grain Vinyl Round Ring Binder",10-MAR-15,2,0.556
"John Grady","Luxo Professional Magnifying Clamp-On Fluorescent Lamps",21-MAY-17,5,104.01
"John Grady","Bulldog Table or Wall-Mount Pencil Sharpener",21-MAY-17,3,5.99
"Sara Luxemburg","Hon 4070 Series Pagoda Armless Upholstered Stacking Chairs",29-MAR-15,5,233.384
"Troy Staebel","Cardinal EasyOpen D-Ring Binders",09-SEP-16,2,7.312
"Roland Fjeld","Advantus SlideClip Paper Clips",26-AUG-16,3,3.41
"Roland Fjeld","Xerox 1979",26-AUG-16,5,30.98
"Mitch Willingham","Fellowes PB300 Plastic Comb Binding Machine",21-MAY-14,7,387.99
"Mitch Willingham","Plantronics Voyager Pro Legend",21-MAY-14,3,205.99
"Rob Dowd","Laser & Ink Jet Business Envelopes",28-OCT-15,1,10.67
"Rob Dowd","Portable Personal File Box",28-OCT-15,3,12.21
"Rob Dowd","Magna Visual Magnetic Picture Hangers",28-OCT-15,5,4.82
"Rob Dowd","C-Line Cubicle Keepers Polyproplyene Holder With Velcro Backings",28-OCT-15,7,4.73
"John Grady","Fellowes Strictly Business Drawer File, Letter/Legal Size",26-JUN-16,5,140.85
"Xylona Preis","Imation USB 2.0 Swivel Flash Drive USB flash drive - 4 GB - Pink",06-OCT-14,3,3.03
"Erin Mull","Premium Writing Pencils, Soft, #2 by Central Association for the Blind",22-JUL-14,2,2.98
"Erin Mull","Logitech G602 Wireless Gaming Mouse",22-JUL-14,2,79.99
"Michelle Tran","Alphabetical Labels for Top Tab Filing",10-JUN-17,2,14.8
"Michelle Tran","O'Sullivan Living Dimensions 2-Shelf Bookcases",10-JUN-17,5,102.833
"Michelle Tran","iHome FM Clock Radio with Lightning Dock",10-JUN-17,5,55.992
"Sue Ann Reed","Apple iPhone 5S",29-OCT-14,6,455.992
"Carl Weiss","Square Credit Card Reader",09-JUN-14,1,7.992
"Carl Weiss","Logitech M510 Wireless Mouse",09-JUN-14,2,31.992
"Carl Weiss","Boston 1645 Deluxe Heavier-Duty Electric Pencil Sharpener",09-JUN-14,2,35.184
"Astrea Jones","Fellowes Officeware Wire Shelving",14-SEP-14,5,89.83
"Astrea Jones","Colored Envelopes",14-SEP-14,3,3.69
"Sonia Sunley","Sony Micro Vault Click 8 GB USB 2.0 Flash Drive",09-MAY-16,2,46.99
"Rose O'Brian","Balt Solid Wood Rectangular Table",18-MAR-16,3,63.294
"Maribeth Dona","Strathmore #10 Envelopes, Ultimate White",27-DEC-15,2,52.71
"Sanjit Chand","Clear Mylar Reinforcing Strips",25-JUL-16,8,14.952
"Sanjit Chand","Howard Miller 14-1/2"" Diameter Chrome Round Wall Clock",25-JUL-16,4,63.94
"Sanjit Chand","DMI Arturo Collection Mission-style Design Wood Chair",25-JUL-16,2,120.784
"Sanjit Chand","Deflect-O Glasstique Clear Desk Accessories",25-JUL-16,9,7.7
"Maribeth Yedwab","Vinyl Sectional Post Binders",30-MAY-16,2,11.31
"Maribeth Yedwab","GBC Standard Therm-A-Bind Covers",30-MAY-16,2,7.476
"Maribeth Yedwab","Global Troy Executive Leather Low-Back Tilter",30-MAY-16,2,400.784
"Maribeth Yedwab","Storex Flexible Poly Binders with Double Pockets",30-MAY-16,3,0.792
"Maribeth Yedwab","White Dual Perf Computer Printout Paper, 2700 Sheets, 1 Part, Heavyweight, 20 lbs., 14 7/8 x 11",30-MAY-16,1,32.792
"Ed Braxton","Avery Durable Slant Ring Binders, No Labels",12-NOV-17,5,3.184
"Christopher Martinez","Rogers Handheld Barrel Pencil Sharpener",16-MAR-15,1,2.74
"Christopher Martinez","Newell 344",16-MAR-15,3,2.78
"Christopher Martinez","Personal File Boxes with Fold-Down Carry Handle",16-MAR-15,3,15.58
"Christopher Martinez","Fellowes PB500 Electric Punch Plastic Comb Binding Machine with Manual Bind",16-MAR-15,5,1270.99
"Lynn Smith","Executive Impressions Supervisor Wall Clock",26-NOV-17,3,42.1
"Lynn Smith","SanDisk Cruzer 32 GB USB Flash Drive",26-NOV-17,2,19.02
"Luke Foster","Premium Writing Pencils, Soft, #2 by Central Association for the Blind",20-OCT-16,3,2.384
"Bradley Nguyen","Newell 327",21-DEC-17,3,2.21
"Bradley Nguyen","Newell 317",21-DEC-17,2,2.94
"Alan Dominguez","Canon Image Class D660 Copier",22-JAN-17,5,599.99
"Alan Dominguez","Advantus Rolling Storage Box",22-JAN-17,3,17.15
"Alan Dominguez","Great White Multi-Use Recycled Paper (20Lb. and 84 Bright)",22-JAN-17,2,5.98
"Alan Dominguez","Tennsco Single-Tier Lockers",22-JAN-17,3,375.34
"Dean Braden","Verbatim 25 GB 6x Blu-ray Single Layer Recordable Disc, 25/Pack",22-MAR-15,1,18.392
"Dean Braden","Carina Double Wide Media Storage Towers in Natural & Black",22-MAR-15,2,64.784
"Dean Braden","XtraLife ClearVue Slant-D Ring Binders by Cardinal",22-MAR-15,9,1.568
"Matt Connell","Balt Solid Wood Rectangular Table",23-JAN-17,2,105.49
"Logan Haushalter","Motorola HK250 Universal Bluetooth Headset",21-MAY-16,3,18.392
"Logan Haushalter","Imation 16GB Mini TravelDrive USB 2.0 Flash Drive",21-MAY-16,2,33.13
"Brian Dahlen","Staples",26-DEC-15,5,4.44
"Patricia Hirasaki","Global Commerce Series High-Back Swivel/Tilt Chairs",21-OCT-17,3,227.984
"Patricia Hirasaki","Eldon Expressions Desk Accessory, Wood Photo Frame, Mahogany",21-OCT-17,3,15.232
"Mike Gockenbach","Eldon Gobal File Keepers",03-SEP-15,3,12.112
"Mike Gockenbach","Martin Yale Chadless Opener Electric Letter Opener",03-SEP-15,1,666.248
"Mike Gockenbach","White Business Envelopes with Contemporary Seam, Recycled White Business Envelopes",03-SEP-15,6,8.752
"Karen Bern","Safco Contoured Stacking Chairs",07-NOV-15,1,190.72
"Jasper Cacioppo","Tenex Chairmats For Use With Carpeted Floors",07-SEP-17,3,15.98
"Rob Lucas","Panasonic KX-TG9471B",29-MAY-16,5,195.99
"Rob Lucas","Presstex Flexible Ring Binders",29-MAY-16,5,4.55
"Allen Armold","Sterilite Officeware Hinged File Box",10-JUL-16,2,8.384
"Emily Phan","Premier Elliptical Ring Binder, Black",03-SEP-17,7,6.088
"Mark Packer","Cardinal Poly Pocket Divider Pockets for Ring Binders",03-DEC-15,4,2.688
"Darren Koutras","Eureka The Boss Cordless Rechargeable Stick Vac",07-DEC-15,3,50.98
"Darren Koutras","Situations Contoured Folding Chairs, 4/Set",07-DEC-15,4,70.98
"Bradley Drucker","Enermax Aurora Lite Keyboard",01-FEB-14,6,78.15
"Erin Smith","LG Electronics Tone+ HBS-730 Bluetooth Headset",14-JUL-16,8,47.608
"Liz MacKendrick","Fellowes Officeware Wire Shelving",18-DEC-15,9,71.864
"Paul Gonzalez","SanDisk Cruzer 64 GB USB Flash Drive",11-MAY-14,2,29.056
"Paul Gonzalez","Xblue XB-1670-86 X16 Small Office Telephone - Titanium",11-MAY-14,1,100.792
"Paul Gonzalez","Deflect-o EconoMat Studded, No Bevel Mat for Low Pile Carpeting",11-MAY-14,4,16.528
"Adrian Shami","Avery Printable Repositionable Plastic Tabs",19-NOV-17,6,6.88
"Adrian Shami","Xerox 1898",19-NOV-17,2,6.68
"Dean Katz","Home/Office Personal File Carts",15-NOV-15,9,27.808
"Dean Katz","Flexible Leather- Look Classic Collection Ring Binder",15-NOV-15,3,3.788
"Dean Katz","Staple remover",15-NOV-15,5,1.744
"Bill Donatelli","HON 5400 Series Task Chairs for Big and Tall",15-APR-16,2,560.784
"Ryan Crowe","Howard Miller 11-1/2"" Diameter Grantwood Wall Clock",11-SEP-17,1,34.504
"Greg Tran","Advantus T-Pin Paper Clips",24-NOV-17,3,3.608
"Dean Katz","Tennsco 16-Compartment Lockers with Coat Rack",29-JUN-17,2,647.89
"Ashley Jarboe","Zebra Zazzle Fluorescent Highlighters",03-MAR-14,4,4.864
"Olvera Toch","Avery 473",10-JUN-16,2,10.35
"Olvera Toch","Bretford “Just In Time” Height-Adjustable Multi-Task Work Tables",10-JUN-16,4,333.92
"Olvera Toch","Xerox 226",10-JUN-16,5,6.48
"Liz Pelletier","Coloredge Poster Frame",20-NOV-17,3,14.2
"Liz Pelletier","GBC Prepunched Paper, 19-Hole, for Binding Systems, 24-lb",20-NOV-17,7,12.008
"Cynthia Arntzen","Sanitaire Vibra Groomer IR Commercial Upright Vacuum, Replacement Belts",14-SEP-14,5,2.6
"Cynthia Arntzen","Advantus Panel Wall Acrylic Frame",14-SEP-14,3,4.376
"Jeremy Farry","Alliance Big Bands Rubber Bands, 12/Pack",07-DEC-15,2,1.98
"Jeremy Farry","Avery 509",07-DEC-15,1,2.61
"Frank Preis","Cisco SPA301",07-DEC-17,3,124.792
"Ellis Ballard","Personal Creations Ink Jet Cards and Labels",01-OCT-17,8,11.48
"Ellis Ballard","GBC White Gloss Covers, Plain Front",01-OCT-17,7,11.584
"Ellis Ballard","Xerox 222",01-OCT-17,3,6.48
"Ellis Ballard","Hon Every-Day Series Multi-Task Chairs",01-OCT-17,3,150.384
"Jennifer Ferguson","Avery 473",28-DEC-17,7,10.35
"Jennifer Ferguson","OIC Bulk Pack Metal Binder Clips",28-DEC-17,4,3.49
"Jennifer Ferguson","Storex Dura Pro Binders",28-DEC-17,7,4.752
"Jennifer Ferguson","Cush Cases Heavy Duty Rugged Cover Case for Samsung Galaxy S5 - Purple",28-DEC-17,3,4.95
"Sarah Foster","Newell 332",03-NOV-16,3,2.94
"Trudy Glocke","Personal Creations Ink Jet Cards and Labels",18-SEP-15,14,11.48
"Trudy Glocke","Rediform S.O.S. Phone Message Books",18-SEP-15,4,4.98
